dt_beg_utc,dt_end_utc,pollutant,sensor_id,segment_id,value_raw,value_sg
2023-05-09 11:00:00+00:00,2023-05-09 12:00:00+00:00,O3,S14,3,34.206116666666674,32.32310757575758
2023-05-09 12:00:00+00:00,2023-05-09 13:00:00+00:00,O3,S14,3,35.160583333333335,33.9900090909091
2023-05-09 13:00:00+00:00,2023-05-09 14:00:00+00:00,O3,S14,3,36.28206666666666,34.67401666666676
2023-05-09 14:00:00+00:00,2023-05-09 15:00:00+00:00,O3,S14,3,36.417116666666665,36.529953885003984
2023-05-09 15:00:00+00:00,2023-05-09 16:00:00+00:00,O3,S14,3,35.8417,34.08765357420367
2023-05-09 16:00:00+00:00,2023-05-09 17:00:00+00:00,O3,S14,3,35.63458333333333,33.43836165501175
2023-05-09 17:00:00+00:00,2023-05-09 18:00:00+00:00,O3,S14,3,35.67048333333333,33.36988923853933
2023-05-09 18:00:00+00:00,2023-05-09 19:00:00+00:00,O3,S14,3,35.73961666666667,33.25481192696202
2023-05-09 19:00:00+00:00,2023-05-09 20:00:00+00:00,O3,S14,3,35.59461666666667,32.168406487956574
2023-05-09 20:00:00+00:00,2023-05-09 21:00:00+00:00,O3,S14,3,35.4005,29.87201934731943
2023-05-09 21:00:00+00:00,2023-05-09 22:00:00+00:00,O3,S14,3,32.39566666666667,30.81868682983692
2023-05-09 22:00:00+00:00,2023-05-09 23:00:00+00:00,O3,S14,3,30.84735,28.1941203185704
2023-05-09 23:00:00+00:00,2023-05-10 00:00:00+00:00,O3,S14,3,29.30218333333333,25.273598018648087
2023-05-10 00:00:00+00:00,2023-05-10 01:00:00+00:00,O3,S14,3,27.98353333333333,24.100124242424307
2023-05-10 01:00:00+00:00,2023-05-10 02:00:00+00:00,O3,S14,3,25.67963333333334,23.00259879564886
2023-05-10 02:00:00+00:00,2023-05-10 03:00:00+00:00,O3,S14,3,23.807166666666664,21.131073387723447
2023-05-10 03:00:00+00:00,2023-05-10 04:00:00+00:00,O3,S14,3,21.905,19.297607847707905
2023-05-10 04:00:00+00:00,2023-05-10 05:00:00+00:00,O3,S14,3,21.116533333333333,18.774791142191198
2023-05-10 05:00:00+00:00,2023-05-10 06:00:00+00:00,O3,S14,3,27.830033333333333,24.614917793317865
2023-05-10 06:00:00+00:00,2023-05-10 07:00:00+00:00,O3,S14,3,33.05526666666667,26.829589471639544
2023-05-10 07:00:00+00:00,2023-05-10 08:00:00+00:00,O3,S14,3,34.66608333333333,31.60559121989131
2023-05-10 08:00:00+00:00,2023-05-10 09:00:00+00:00,O3,S14,3,37.13745,34.544495027195126
2023-05-10 09:00:00+00:00,2023-05-10 10:00:00+00:00,O3,S14,3,37.747816666666665,34.42453224553235
2023-05-10 10:00:00+00:00,2023-05-10 11:00:00+00:00,O3,S14,3,38.35248333333334,35.64274195804206
2023-05-10 11:00:00+00:00,2023-05-10 12:00:00+00:00,O3,S14,3,38.72096666666668,36.93422758352769
2023-05-10 12:00:00+00:00,2023-05-10 13:00:00+00:00,O3,S14,3,38.35873333333334,35.03284471639482
2023-05-10 13:00:00+00:00,2023-05-10 14:00:00+00:00,O3,S14,3,38.75268333333334,35.294259790209885
2023-05-10 14:00:00+00:00,2023-05-10 15:00:00+00:00,O3,S14,3,38.81015,33.14076480186489
2023-05-10 15:00:00+00:00,2023-05-10 16:00:00+00:00,O3,S14,3,37.2631,30.213085664335747
2023-05-10 16:00:00+00:00,2023-05-10 17:00:00+00:00,O3,S14,3,29.921066666666665,29.764072533022617
2023-05-10 17:00:00+00:00,2023-05-10 18:00:00+00:00,O3,S14,3,27.659433333333336,26.537263791763863
2023-05-10 18:00:00+00:00,2023-05-10 19:00:00+00:00,O3,S14,3,24.889616666666665,21.308200932400993
2023-05-10 19:00:00+00:00,2023-05-10 20:00:00+00:00,O3,S14,3,25.972666666666665,20.946387567987628
2023-05-10 20:00:00+00:00,2023-05-10 21:00:00+00:00,O3,S14,3,24.74376666666667,21.392883566433625
2023-05-10 21:00:00+00:00,2023-05-10 22:00:00+00:00,O3,S14,3,24.08501666666667,21.221850815850875
2023-05-10 22:00:00+00:00,2023-05-10 23:00:00+00:00,O3,S14,3,25.9653,21.625725213675274
2023-05-10 23:00:00+00:00,2023-05-11 00:00:00+00:00,O3,S14,3,27.922316666666664,22.77799770784777
2023-05-11 00:00:00+00:00,2023-05-11 01:00:00+00:00,O3,S14,3,29.27515,25.593723698523767
2023-05-11 01:00:00+00:00,2023-05-11 02:00:00+00:00,O3,S14,3,29.72961666666667,25.15330209790217
2023-05-11 02:00:00+00:00,2023-05-11 03:00:00+00:00,O3,S14,3,30.330816666666667,26.440610101010176
2023-05-11 03:00:00+00:00,2023-05-11 04:00:00+00:00,O3,S14,3,30.6532,26.60655485625493
2023-05-11 04:00:00+00:00,2023-05-11 05:00:00+00:00,O3,S14,3,29.47930000000001,24.660613014763086
2023-05-11 05:00:00+00:00,2023-05-11 06:00:00+00:00,O3,S14,3,28.403783333333333,26.807850427350502
2023-05-11 06:00:00+00:00,2023-05-11 07:00:00+00:00,O3,S14,3,29.11048333333333,25.95043247863255
2023-05-11 07:00:00+00:00,2023-05-11 08:00:00+00:00,O3,S14,3,30.46421666666667,29.287754001554084
2023-05-11 08:00:00+00:00,2023-05-11 09:00:00+00:00,O3,S14,3,34.19171666666666,30.834609712509796
2023-05-11 09:00:00+00:00,2023-05-11 10:00:00+00:00,O3,S14,3,36.11793333333333,32.26424887334896
2023-05-11 10:00:00+00:00,2023-05-11 11:00:00+00:00,O3,S14,3,38.15468333333333,33.76667808857819
2023-05-11 11:00:00+00:00,2023-05-11 12:00:00+00:00,O3,S14,3,37.972966666666665,34.8860047008548
2023-05-11 12:00:00+00:00,2023-05-11 13:00:00+00:00,O3,S14,3,38.26096666666667,36.02740986790997
2023-05-11 13:00:00+00:00,2023-05-11 14:00:00+00:00,O3,S14,3,39.798300000000005,37.07913434343445
2023-05-11 14:00:00+00:00,2023-05-11 15:00:00+00:00,O3,S14,3,37.52943333333333,32.967833216783305
2023-05-11 15:00:00+00:00,2023-05-11 16:00:00+00:00,O3,S14,3,36.680483333333335,32.812861227661315
2023-05-11 16:00:00+00:00,2023-05-11 17:00:00+00:00,O3,S14,3,37.29275,34.91061845376855
2023-05-11 17:00:00+00:00,2023-05-11 18:00:00+00:00,O3,S14,3,38.04736666666667,33.289221173271265
2023-05-11 18:00:00+00:00,2023-05-11 19:00:00+00:00,O3,S14,3,37.19355,31.18403092463101
2023-05-11 19:00:00+00:00,2023-05-11 20:00:00+00:00,O3,S14,3,35.20876666666667,31.840931468531558
2023-05-11 20:00:00+00:00,2023-05-11 21:00:00+00:00,O3,S14,3,32.48981666666666,28.47013986013994
2023-05-11 21:00:00+00:00,2023-05-11 22:00:00+00:00,O3,S14,3,31.140283333333333,27.586172338772414
2023-05-11 22:00:00+00:00,2023-05-11 23:00:00+00:00,O3,S14,3,31.96,27.719653690753766
2023-05-11 23:00:00+00:00,2023-05-12 00:00:00+00:00,O3,S14,3,31.38993333333333,27.299674087024165
2023-05-12 00:00:00+00:00,2023-05-12 01:00:00+00:00,O3,S14,3,31.50668333333333,26.416758158508234
2023-05-12 01:00:00+00:00,2023-05-12 02:00:00+00:00,O3,S14,3,23.489283333333333,22.507859634809698
2023-05-12 02:00:00+00:00,2023-05-12 03:00:00+00:00,O3,S14,3,24.166366666666665,18.83426480186485
2023-05-12 03:00:00+00:00,2023-05-12 04:00:00+00:00,O3,S14,3,23.8217,19.325246192696248
2023-05-12 04:00:00+00:00,2023-05-12 05:00:00+00:00,O3,S14,3,25.04438333333333,23.02363488733495
2023-05-12 05:00:00+00:00,2023-05-12 06:00:00+00:00,O3,S14,3,30.65006666666667,24.84675738150745
2023-05-12 06:00:00+00:00,2023-05-12 07:00:00+00:00,O3,S14,3,33.35091666666667,28.615649184149266
2023-05-12 07:00:00+00:00,2023-05-12 08:00:00+00:00,O3,S14,3,34.32775,30.0983184149185
2023-05-12 08:00:00+00:00,2023-05-12 09:00:00+00:00,O3,S14,3,34.46945,30.940072416472503
2023-05-12 09:00:00+00:00,2023-05-12 10:00:00+00:00,O3,S14,3,36.55025,34.87244992230002
2023-05-12 10:00:00+00:00,2023-05-12 11:00:00+00:00,O3,S14,3,38.4066,35.66034145299155
2023-05-12 11:00:00+00:00,2023-05-12 12:00:00+00:00,O3,S14,3,39.26855,35.0683754079255
2023-05-12 12:00:00+00:00,2023-05-12 13:00:00+00:00,O3,S14,3,37.54070000000001,34.08328717948727
2023-05-12 13:00:00+00:00,2023-05-12 14:00:00+00:00,O3,S14,3,37.81995,34.844168376068474
2023-05-12 14:00:00+00:00,2023-05-12 15:00:00+00:00,O3,S14,3,36.787933333333335,32.274198834498925
2023-05-12 15:00:00+00:00,2023-05-12 16:00:00+00:00,O3,S14,3,36.487883333333336,33.09620602175611
2023-05-12 16:00:00+00:00,2023-05-12 17:00:00+00:00,O3,S14,3,36.36135,33.201693045843136
2023-05-12 17:00:00+00:00,2023-05-12 18:00:00+00:00,O3,S14,3,35.4984,31.179780069930153
2023-05-12 18:00:00+00:00,2023-05-12 19:00:00+00:00,O3,S14,3,35.32791666666666,30.66264603729612
2023-05-12 19:00:00+00:00,2023-05-12 20:00:00+00:00,O3,S14,3,34.17458333333333,29.019443473193554
2023-05-12 20:00:00+00:00,2023-05-12 21:00:00+00:00,O3,S14,3,34.10438333333333,27.73289448329456
2023-05-12 21:00:00+00:00,2023-05-12 22:00:00+00:00,O3,S14,3,32.83065,29.380789510489592
2023-05-12 22:00:00+00:00,2023-05-12 23:00:00+00:00,O3,S14,3,31.12238333333333,27.074756099456174
2023-05-12 23:00:00+00:00,2023-05-13 00:00:00+00:00,O3,S14,3,32.50566666666666,25.610301204351273
2023-05-13 00:00:00+00:00,2023-05-13 01:00:00+00:00,O3,S14,3,29.378566666666668,23.409909867909935
2023-05-13 01:00:00+00:00,2023-05-13 02:00:00+00:00,O3,S14,3,26.69265,22.344407614607675
2023-05-13 02:00:00+00:00,2023-05-13 03:00:00+00:00,O3,S14,3,23.78465,21.05479755244761
2023-05-13 03:00:00+00:00,2023-05-13 04:00:00+00:00,O3,S14,3,22.927850000000003,17.978594755244806
2023-05-13 04:00:00+00:00,2023-05-13 05:00:00+00:00,O3,S14,3,24.904433333333333,21.122737839937898
2023-05-13 05:00:00+00:00,2023-05-13 06:00:00+00:00,O3,S14,3,26.7529,23.800330186480256
2023-05-13 06:00:00+00:00,2023-05-13 07:00:00+00:00,O3,S14,3,27.72396666666667,23.929714879564944
2023-05-13 07:00:00+00:00,2023-05-13 08:00:00+00:00,O3,S14,3,28.9636,24.283692385392452
2023-05-13 08:00:00+00:00,2023-05-13 09:00:00+00:00,O3,S14,3,30.185716666666668,24.893218414918486
2023-05-13 09:00:00+00:00,2023-05-13 10:00:00+00:00,O3,S14,3,28.751716666666667,24.485963209013278
2023-05-13 10:00:00+00:00,2023-05-13 11:00:00+00:00,O3,S14,3,28.94005,24.94111254856262
2023-05-13 11:00:00+00:00,2023-05-13 12:00:00+00:00,O3,S14,3,28.817916666666672,24.19889044289051
2023-05-13 12:00:00+00:00,2023-05-13 13:00:00+00:00,O3,S14,3,28.36208333333333,24.604191375291443
2023-05-13 13:00:00+00:00,2023-05-13 14:00:00+00:00,O3,S14,3,29.61978333333333,25.70080101010108
2023-05-13 14:00:00+00:00,2023-05-13 15:00:00+00:00,O3,S14,3,31.127916666666668,27.166600815850895
2023-05-13 15:00:00+00:00,2023-05-13 16:00:00+00:00,O3,S14,3,32.69271666666668,28.958590132090215
2023-05-13 16:00:00+00:00,2023-05-13 17:00:00+00:00,O3,S14,3,31.989366666666665,28.533085042735124
2023-05-13 17:00:00+00:00,2023-05-13 18:00:00+00:00,O3,S14,3,32.05995,27.870886169386246
2023-05-13 18:00:00+00:00,2023-05-13 19:00:00+00:00,O3,S14,3,31.90478333333333,25.508884304584374
2023-05-13 19:00:00+00:00,2023-05-13 20:00:00+00:00,O3,S14,3,27.646483333333336,24.5908814296815
2023-05-13 20:00:00+00:00,2023-05-13 21:00:00+00:00,O3,S14,3,26.227266666666665,21.018727000777055
2023-05-13 21:00:00+00:00,2023-05-13 22:00:00+00:00,O3,S14,3,26.204966666666667,21.19852288267294
2023-05-13 22:00:00+00:00,2023-05-13 23:00:00+00:00,O3,S14,3,25.83203333333333,21.116199028749087
2023-05-13 23:00:00+00:00,2023-05-14 00:00:00+00:00,O3,S14,3,24.59285,21.301979875679933
2023-05-14 00:00:00+00:00,2023-05-14 01:00:00+00:00,O3,S14,3,26.371350000000003,22.78936961926968
2023-05-14 01:00:00+00:00,2023-05-14 02:00:00+00:00,O3,S14,3,27.152183333333337,21.88933216783223
2023-05-14 02:00:00+00:00,2023-05-14 03:00:00+00:00,O3,S14,3,25.869366666666664,20.504817637917693
2023-05-14 03:00:00+00:00,2023-05-14 04:00:00+00:00,O3,S14,3,25.03993333333333,22.00141480186486
2023-05-14 04:00:00+00:00,2023-05-14 05:00:00+00:00,O3,S14,3,23.933850000000003,20.3605667443668
2023-05-14 05:00:00+00:00,2023-05-14 06:00:00+00:00,O3,S14,3,23.57903333333333,18.243934576534627
2023-05-14 06:00:00+00:00,2023-05-14 07:00:00+00:00,O3,S14,3,23.2134,21.001140675990733
2023-05-14 07:00:00+00:00,2023-05-14 08:00:00+00:00,O3,S14,3,27.476916666666668,22.193380769230828
2023-05-14 08:00:00+00:00,2023-05-14 09:00:00+00:00,O3,S14,3,29.976416666666665,27.74535019425027
2023-05-14 09:00:00+00:00,2023-05-14 10:00:00+00:00,O3,S14,3,33.79955,30.294429526029614
2023-05-14 10:00:00+00:00,2023-05-14 11:00:00+00:00,O3,S14,3,33.34935,28.9987778166279
2023-05-14 11:00:00+00:00,2023-05-14 12:00:00+00:00,O3,S14,3,32.88075,29.0341353146854
2023-05-14 12:00:00+00:00,2023-05-14 13:00:00+00:00,O3,S14,3,34.88063333333333,29.910621717171797
2023-05-14 13:00:00+00:00,2023-05-14 14:00:00+00:00,O3,S14,3,34.05088333333333,28.827323931624008
2023-05-14 14:00:00+00:00,2023-05-14 15:00:00+00:00,O3,S14,3,33.74453333333333,30.87835696969705
2023-05-14 15:00:00+00:00,2023-05-14 16:00:00+00:00,O3,S14,3,33.675383333333336,29.743168857808943
2023-05-14 16:00:00+00:00,2023-05-14 17:00:00+00:00,O3,S14,3,31.810116666666666,25.795193605283675
2023-05-14 17:00:00+00:00,2023-05-14 18:00:00+00:00,O3,S14,3,28.82295,24.76820975135982
2023-05-14 18:00:00+00:00,2023-05-14 19:00:00+00:00,O3,S14,3,30.08231666666667,24.447509479409547
2023-05-14 19:00:00+00:00,2023-05-14 20:00:00+00:00,O3,S14,3,28.2759,22.720225019425083
2023-05-14 20:00:00+00:00,2023-05-14 21:00:00+00:00,O3,S14,3,25.20741666666667,20.682943201243262
2023-05-14 21:00:00+00:00,2023-05-14 22:00:00+00:00,O3,S14,3,26.890016666666664,20.05110683760689
2023-05-14 22:00:00+00:00,2023-05-14 23:00:00+00:00,O3,S14,3,24.24363333333333,19.75993053613059
2023-05-14 23:00:00+00:00,2023-05-15 00:00:00+00:00,O3,S14,3,22.1936,18.133513286713335
2023-05-15 00:00:00+00:00,2023-05-15 01:00:00+00:00,O3,S14,3,23.068583333333333,16.990385586635632
2023-05-15 01:00:00+00:00,2023-05-15 02:00:00+00:00,O3,S14,3,22.94441666666667,18.720556060606114
2023-05-15 02:00:00+00:00,2023-05-15 03:00:00+00:00,O3,S14,3,23.792666666666666,19.340909362859417
2023-05-15 03:00:00+00:00,2023-05-15 04:00:00+00:00,O3,S14,3,23.65393333333333,18.318579992230042
2023-05-15 04:00:00+00:00,2023-05-15 05:00:00+00:00,O3,S14,3,23.05258333333333,19.36112241647247
2023-05-15 05:00:00+00:00,2023-05-15 06:00:00+00:00,O3,S14,3,23.951566666666665,19.37989436674442
2023-05-15 06:00:00+00:00,2023-05-15 07:00:00+00:00,O3,S14,3,26.029216666666667,19.902084226884284
2023-05-15 07:00:00+00:00,2023-05-15 08:00:00+00:00,O3,S14,3,26.964366666666667,21.660663131313193
2023-05-15 08:00:00+00:00,2023-05-15 09:00:00+00:00,O3,S14,3,29.234483333333333,25.49394770784778
2023-05-15 09:00:00+00:00,2023-05-15 10:00:00+00:00,O3,S14,3,29.00701666666667,25.55796324786332
2023-05-15 10:00:00+00:00,2023-05-15 11:00:00+00:00,O3,S14,3,30.30125,26.544300000000078
2023-05-15 11:00:00+00:00,2023-05-15 12:00:00+00:00,O3,S14,3,32.820816666666666,28.237025019425097
2023-05-15 12:00:00+00:00,2023-05-15 13:00:00+00:00,O3,S14,3,34.42111666666667,30.977381235431324
2023-05-15 13:00:00+00:00,2023-05-15 14:00:00+00:00,O3,S14,3,37.36366666666667,32.01065135975145
2023-05-15 14:00:00+00:00,2023-05-15 15:00:00+00:00,O3,S14,3,38.08388333333333,34.019635897436
2023-05-15 15:00:00+00:00,2023-05-15 16:00:00+00:00,O3,S14,3,32.349133333333334,31.596659207459297
2023-05-15 16:00:00+00:00,2023-05-15 17:00:00+00:00,O3,S14,3,33.51743333333334,29.15603344988353
2023-05-15 17:00:00+00:00,2023-05-15 18:00:00+00:00,O3,S14,3,33.69138333333334,29.54035407925416
2023-05-15 18:00:00+00:00,2023-05-15 19:00:00+00:00,O3,S14,3,33.05009999999999,28.55471041181049
2023-05-15 19:00:00+00:00,2023-05-15 20:00:00+00:00,O3,S14,3,30.853250000000003,26.79599941724949
2023-05-15 20:00:00+00:00,2023-05-15 21:00:00+00:00,O3,S14,3,28.257566666666666,22.356450155400218
2023-05-15 21:00:00+00:00,2023-05-15 22:00:00+00:00,O3,S14,3,23.789316666666668,19.216464452214506
2023-05-15 22:00:00+00:00,2023-05-15 23:00:00+00:00,O3,S14,3,23.37695,19.537730031080084
2023-05-15 23:00:00+00:00,2023-05-16 00:00:00+00:00,O3,S14,3,23.69203333333333,20.27119471639477
2023-05-16 00:00:00+00:00,2023-05-16 01:00:00+00:00,O3,S14,3,24.29726666666667,18.08008457653463
2023-05-16 01:00:00+00:00,2023-05-16 02:00:00+00:00,O3,S14,3,19.79133333333333,14.350449763014804
2023-05-16 02:00:00+00:00,2023-05-16 03:00:00+00:00,O3,S14,3,16.041033333333335,14.38411644910649
2023-05-16 03:00:00+00:00,2023-05-16 04:00:00+00:00,O3,S14,3,15.512633333333332,12.273352066756832
2023-05-16 04:00:00+00:00,2023-05-16 05:00:00+00:00,O3,S14,3,14.279766666666667,11.221186643303062
2023-05-16 05:00:00+00:00,2023-05-16 06:00:00+00:00,O3,S14,3,16.605533333333334,11.776827700077732
2023-05-16 06:00:00+00:00,2023-05-16 07:00:00+00:00,O3,S14,3,25.12075,19.965068919968974
2023-05-16 07:00:00+00:00,2023-05-16 08:00:00+00:00,O3,S14,3,35.572633333333336,32.05404242424251
2023-05-16 08:00:00+00:00,2023-05-16 09:00:00+00:00,O3,S14,3,38.93686666666667,34.273821911422004
2023-05-16 09:00:00+00:00,2023-05-16 10:00:00+00:00,O3,S14,3,40.34001666666666,36.08831872571882
2023-05-16 10:00:00+00:00,2023-05-16 11:00:00+00:00,O3,S14,3,39.798966666666665,34.20259114219124
2023-05-16 11:00:00+00:00,2023-05-16 12:00:00+00:00,O3,S14,3,36.463816666666666,31.784324048174135
2023-05-16 12:00:00+00:00,2023-05-16 13:00:00+00:00,O3,S14,3,34.09426666666666,29.83289067599076
2023-05-16 13:00:00+00:00,2023-05-16 14:00:00+00:00,O3,S14,3,31.28165,26.733239510489586
2023-05-16 14:00:00+00:00,2023-05-16 15:00:00+00:00,O3,S14,3,29.04198333333333,26.45351258741266
2023-05-16 15:00:00+00:00,2023-05-16 16:00:00+00:00,O3,S14,3,30.650516666666665,26.258477544677618
2023-05-16 16:00:00+00:00,2023-05-16 17:00:00+00:00,O3,S14,3,30.682150000000004,27.577405555555632
2023-05-16 17:00:00+00:00,2023-05-16 18:00:00+00:00,O3,S14,3,29.76313333333333,25.558382245532314
2023-05-16 18:00:00+00:00,2023-05-16 19:00:00+00:00,O3,S14,3,28.528566666666663,23.557985975136038
2023-05-16 19:00:00+00:00,2023-05-16 20:00:00+00:00,O3,S14,3,28.907866666666663,23.52549584304591
2023-05-16 20:00:00+00:00,2023-05-16 21:00:00+00:00,O3,S14,3,28.5831,23.37260757575764
2023-05-16 21:00:00+00:00,2023-05-16 22:00:00+00:00,O3,S14,3,27.4837,23.56759786324793
2023-05-16 22:00:00+00:00,2023-05-16 23:00:00+00:00,O3,S14,3,24.68766666666666,20.5139653457654
2023-05-16 23:00:00+00:00,2023-05-17 00:00:00+00:00,O3,S14,3,26.035283333333336,19.969838422688476
2023-05-17 00:00:00+00:00,2023-05-17 01:00:00+00:00,O3,S14,3,30.39085,24.103086868686937
2023-05-17 01:00:00+00:00,2023-05-17 02:00:00+00:00,O3,S14,3,30.88523333333333,24.45888791763798
2023-05-17 02:00:00+00:00,2023-05-17 03:00:00+00:00,O3,S14,3,30.073,25.66155811965819
2023-05-17 03:00:00+00:00,2023-05-17 04:00:00+00:00,O3,S14,3,29.01458333333333,25.1169166278167
2023-05-17 04:00:00+00:00,2023-05-17 05:00:00+00:00,O3,S14,3,27.885316666666665,23.202934809634872
2023-05-17 05:00:00+00:00,2023-05-17 06:00:00+00:00,O3,S14,3,26.89943333333333,23.348558313908377
2023-05-17 06:00:00+00:00,2023-05-17 07:00:00+00:00,O3,S14,3,28.40748333333333,24.974836208236276
2023-05-17 07:00:00+00:00,2023-05-17 08:00:00+00:00,O3,S14,3,31.72043333333333,25.94645081585089
2023-05-17 08:00:00+00:00,2023-05-17 09:00:00+00:00,O3,S14,3,33.496383333333334,29.12572948717957
2023-05-17 09:00:00+00:00,2023-05-17 10:00:00+00:00,O3,S14,3,33.0388,27.405875602175676
2023-05-17 10:00:00+00:00,2023-05-17 11:00:00+00:00,O3,S14,3,33.189699999999995,27.821093356643434
2023-05-17 11:00:00+00:00,2023-05-17 12:00:00+00:00,O3,S14,3,33.66336666666667,29.57078896658905
2023-05-17 12:00:00+00:00,2023-05-17 13:00:00+00:00,O3,S14,3,33.987700000000004,28.103913519813602
2023-05-17 13:00:00+00:00,2023-05-17 14:00:00+00:00,O3,S14,3,34.065916666666666,28.789327195027273
2023-05-17 14:00:00+00:00,2023-05-17 15:00:00+00:00,O3,S14,3,34.2918,30.010507148407232
2023-05-17 15:00:00+00:00,2023-05-17 16:00:00+00:00,O3,S14,3,36.52098333333333,32.30794693084702
2023-05-17 16:00:00+00:00,2023-05-17 17:00:00+00:00,O3,S14,3,35.5185,31.303567754467842
2023-05-17 17:00:00+00:00,2023-05-17 18:00:00+00:00,O3,S14,3,33.62188333333334,27.179067871017946
2023-05-17 18:00:00+00:00,2023-05-17 19:00:00+00:00,O3,S14,3,30.7209,25.984277777777848
2023-05-17 19:00:00+00:00,2023-05-17 20:00:00+00:00,O3,S14,3,28.627650000000003,22.28247296037302
2023-05-17 20:00:00+00:00,2023-05-17 21:00:00+00:00,O3,S14,3,26.662050000000004,21.877718337218397
2023-05-17 21:00:00+00:00,2023-05-17 22:00:00+00:00,O3,S14,3,26.245166666666663,22.528633333333396
2023-05-17 22:00:00+00:00,2023-05-17 23:00:00+00:00,O3,S14,3,22.179916666666667,18.402325275835327
2023-05-17 23:00:00+00:00,2023-05-18 00:00:00+00:00,O3,S14,3,20.51243333333333,16.936772618492665
2023-05-18 00:00:00+00:00,2023-05-18 01:00:00+00:00,O3,S14,3,15.8348,13.103395400155438
2023-05-18 01:00:00+00:00,2023-05-18 02:00:00+00:00,O3,S14,3,14.159316666666667,11.198538919968952
2023-05-18 02:00:00+00:00,2023-05-18 03:00:00+00:00,O3,S14,3,13.84885,10.912996386946418
2023-05-18 03:00:00+00:00,2023-05-18 04:00:00+00:00,O3,S14,3,13.993233333333334,10.680771794871823
2023-05-18 04:00:00+00:00,2023-05-18 05:00:00+00:00,O3,S14,3,12.725116666666665,9.828644906759934
2023-05-18 05:00:00+00:00,2023-05-18 06:00:00+00:00,O3,S14,3,16.017016666666667,12.821473515928552
2023-05-18 06:00:00+00:00,2023-05-18 07:00:00+00:00,O3,S14,3,18.987033333333333,14.093821833721874
2023-05-18 07:00:00+00:00,2023-05-18 08:00:00+00:00,O3,S14,3,21.93915,17.01572778554783
2023-05-18 08:00:00+00:00,2023-05-18 09:00:00+00:00,O3,S14,3,23.80531666666667,18.62667599067604
2023-05-18 09:00:00+00:00,2023-05-18 10:00:00+00:00,O3,S14,3,23.8173,20.208229526029584
2023-05-18 10:00:00+00:00,2023-05-18 11:00:00+00:00,O3,S14,3,28.04775,21.93951756021762
2023-05-18 11:00:00+00:00,2023-05-18 12:00:00+00:00,O3,S14,3,30.51675,26.553609401709476
2023-05-18 12:00:00+00:00,2023-05-18 13:00:00+00:00,O3,S14,3,31.92373333333333,27.991684926185002
2023-05-18 13:00:00+00:00,2023-05-18 14:00:00+00:00,O3,S14,3,31.25818333333333,28.1198194250195
2023-05-18 14:00:00+00:00,2023-05-18 15:00:00+00:00,O3,S14,3,30.82708333333333,25.588307614607686
2023-05-18 15:00:00+00:00,2023-05-18 16:00:00+00:00,O3,S14,3,30.19383333333333,25.958223853923926
2023-05-18 16:00:00+00:00,2023-05-18 17:00:00+00:00,O3,S14,3,29.85108333333333,25.63286965811973
2023-05-18 17:00:00+00:00,2023-05-18 18:00:00+00:00,O3,S14,3,28.92578333333333,25.249458236208305
2023-05-18 18:00:00+00:00,2023-05-18 19:00:00+00:00,O3,S14,3,28.6634,24.225619735819805
2023-05-18 19:00:00+00:00,2023-05-18 20:00:00+00:00,O3,S14,3,27.656650000000003,22.081844910644975
2023-05-18 20:00:00+00:00,2023-05-18 21:00:00+00:00,O3,S14,3,27.148566666666667,23.136410411810477
2023-05-18 21:00:00+00:00,2023-05-18 22:00:00+00:00,O3,S14,3,26.551783333333333,23.092055827505895
2023-05-18 22:00:00+00:00,2023-05-18 23:00:00+00:00,O3,S14,3,25.67448333333333,20.45606849261855
2023-05-18 23:00:00+00:00,2023-05-19 00:00:00+00:00,O3,S14,3,25.5386,20.04770489510495
2023-05-19 00:00:00+00:00,2023-05-19 01:00:00+00:00,O3,S14,3,24.45866666666667,19.270272649572703
2023-05-19 01:00:00+00:00,2023-05-19 02:00:00+00:00,O3,S14,3,23.53193333333334,19.908417249417305
2023-05-19 02:00:00+00:00,2023-05-19 03:00:00+00:00,O3,S14,3,21.60415,19.079185742035794
2023-05-19 03:00:00+00:00,2023-05-19 04:00:00+00:00,O3,S14,3,20.5587,16.859591025641073
2023-05-19 04:00:00+00:00,2023-05-19 05:00:00+00:00,O3,S14,3,19.05995,16.79386379176384
2023-05-19 05:00:00+00:00,2023-05-19 06:00:00+00:00,O3,S14,3,21.51088333333333,15.878124320124364
2023-05-19 06:00:00+00:00,2023-05-19 07:00:00+00:00,O3,S14,3,22.115683333333333,19.117050777000827
2023-05-19 07:00:00+00:00,2023-05-19 08:00:00+00:00,O3,S14,3,25.777516666666667,21.22652198912205
2023-05-19 08:00:00+00:00,2023-05-19 09:00:00+00:00,O3,S14,3,29.08515,25.663244677544746
2023-05-19 09:00:00+00:00,2023-05-19 10:00:00+00:00,O3,S14,3,32.164449999999995,26.927206565656643
2023-05-19 10:00:00+00:00,2023-05-19 11:00:00+00:00,O3,S14,3,31.2906,27.507856721056797
2023-05-19 11:00:00+00:00,2023-05-19 12:00:00+00:00,O3,S14,3,31.1719,28.26444611499619
2023-05-19 12:00:00+00:00,2023-05-19 13:00:00+00:00,O3,S14,3,31.796016666666663,26.539556293706365
2023-05-19 13:00:00+00:00,2023-05-19 14:00:00+00:00,O3,S14,3,30.639616666666665,26.397253030303105
2023-05-19 14:00:00+00:00,2023-05-19 15:00:00+00:00,O3,S14,3,29.36531666666667,23.629699456099523
2023-05-19 15:00:00+00:00,2023-05-19 16:00:00+00:00,O3,S14,3,28.229150000000004,23.117071212121278
2023-05-19 16:00:00+00:00,2023-05-19 17:00:00+00:00,O3,S14,3,26.6125,23.033995260295328
2023-05-19 17:00:00+00:00,2023-05-19 18:00:00+00:00,O3,S14,3,24.4714,19.49572653457659
2023-05-19 18:00:00+00:00,2023-05-19 19:00:00+00:00,O3,S14,3,22.104666666666663,17.20309106449111
2023-05-19 19:00:00+00:00,2023-05-19 20:00:00+00:00,O3,S14,3,20.021566666666665,16.596327428127477
2023-05-19 20:00:00+00:00,2023-05-19 21:00:00+00:00,O3,S14,3,18.537783333333334,15.095983830613875
2023-05-19 21:00:00+00:00,2023-05-19 22:00:00+00:00,O3,S14,3,17.557966666666665,14.752833053613095
2023-05-19 22:00:00+00:00,2023-05-19 23:00:00+00:00,O3,S14,3,16.081500000000002,12.097261693861729
2023-05-19 23:00:00+00:00,2023-05-20 00:00:00+00:00,O3,S14,3,14.476183333333331,11.582871188811222
2023-05-20 00:00:00+00:00,2023-05-20 01:00:00+00:00,O3,S14,3,13.646866666666668,10.238492315462343
2023-05-20 01:00:00+00:00,2023-05-20 02:00:00+00:00,O3,S14,3,14.142133333333334,10.977217292152323
2023-05-20 02:00:00+00:00,2023-05-20 03:00:00+00:00,O3,S14,3,14.120216666666666,11.364952086247119
2023-05-20 03:00:00+00:00,2023-05-20 04:00:00+00:00,O3,S14,3,13.07595,10.472089949494977
2023-05-20 04:00:00+00:00,2023-05-20 05:00:00+00:00,O3,S14,3,12.091216666666668,9.325959774669801
2023-05-20 05:00:00+00:00,2023-05-20 06:00:00+00:00,O3,S14,3,13.644483333333334,10.321508352758382
2023-05-20 06:00:00+00:00,2023-05-20 07:00:00+00:00,O3,S14,3,14.737966666666669,12.127762521367556
2023-05-20 07:00:00+00:00,2023-05-20 08:00:00+00:00,O3,S14,3,15.514966666666666,12.312179040404073
2023-05-20 08:00:00+00:00,2023-05-20 09:00:00+00:00,O3,S14,3,19.346016666666667,17.151591546231593
2023-05-20 09:00:00+00:00,2023-05-20 10:00:00+00:00,O3,S14,3,23.60943333333333,21.360954662004723
2023-05-20 10:00:00+00:00,2023-05-20 11:00:00+00:00,O3,S14,3,26.617566666666665,23.244877272727337
2023-05-20 11:00:00+00:00,2023-05-20 12:00:00+00:00,O3,S14,3,28.789766666666665,25.92380543900551
2023-05-20 12:00:00+00:00,2023-05-20 13:00:00+00:00,O3,S14,3,31.01598333333333,27.09954316239324
2023-05-20 13:00:00+00:00,2023-05-20 14:00:00+00:00,O3,S14,3,32.80775,29.62111254856263
2023-05-20 14:00:00+00:00,2023-05-20 15:00:00+00:00,O3,S14,3,32.840183333333336,31.848678904428994
2023-05-20 15:00:00+00:00,2023-05-20 16:00:00+00:00,O3,S14,3,34.08625000000001,30.975072338772428
2023-05-20 16:00:00+00:00,2023-05-20 17:00:00+00:00,O3,S14,3,34.267133333333334,32.05590182595191
2023-05-20 17:00:00+00:00,2023-05-20 18:00:00+00:00,O3,S14,3,35.27288333333333,29.192153224553305
2023-05-20 18:00:00+00:00,2023-05-20 19:00:00+00:00,O3,S14,3,34.27261666666667,27.239469696969774
2023-05-20 19:00:00+00:00,2023-05-20 20:00:00+00:00,O3,S14,3,27.29583333333333,23.811865967366032
2023-05-20 20:00:00+00:00,2023-05-20 21:00:00+00:00,O3,S14,3,23.7838,19.977352719502772
2023-05-20 21:00:00+00:00,2023-05-20 22:00:00+00:00,O3,S14,3,24.02325,19.778272688422746
2023-05-20 22:00:00+00:00,2023-05-20 23:00:00+00:00,O3,S14,3,23.55408333333333,20.246955788655846
2023-05-20 23:00:00+00:00,2023-05-21 00:00:00+00:00,O3,S14,3,22.847483333333333,18.51099421134426
2023-05-21 00:00:00+00:00,2023-05-21 01:00:00+00:00,O3,S14,3,20.7074,17.2034792540793
2023-05-21 01:00:00+00:00,2023-05-21 02:00:00+00:00,O3,S14,3,17.687116666666665,15.21460096736601
2023-05-21 02:00:00+00:00,2023-05-21 03:00:00+00:00,O3,S14,3,15.889533333333334,13.390923333333372
2023-05-21 03:00:00+00:00,2023-05-21 04:00:00+00:00,O3,S14,3,14.810716666666666,10.843356891996923
2023-05-21 04:00:00+00:00,2023-05-21 05:00:00+00:00,O3,S14,3,14.7523,10.401883795648825
2023-05-21 05:00:00+00:00,2023-05-21 06:00:00+00:00,O3,S14,3,18.326083333333333,14.277574121989161
2023-05-21 06:00:00+00:00,2023-05-21 07:00:00+00:00,O3,S14,3,21.843216666666667,18.435294832944884
2023-05-21 07:00:00+00:00,2023-05-21 08:00:00+00:00,O3,S14,3,25.55555,24.76263578088585
2023-05-21 08:00:00+00:00,2023-05-21 09:00:00+00:00,O3,S14,3,29.888966666666665,25.293441375291444
2023-05-21 09:00:00+00:00,2023-05-21 10:00:00+00:00,O3,S14,3,32.675533333333334,32.94876561771571
2023-05-21 10:00:00+00:00,2023-05-21 11:00:00+00:00,O3,S14,3,33.62341666666667,30.59991184926193
2023-05-21 11:00:00+00:00,2023-05-21 12:00:00+00:00,O3,S14,3,34.443216666666665,33.443660450660545
2023-05-21 12:00:00+00:00,2023-05-21 13:00:00+00:00,O3,S14,3,36.6354,35.377813364413456
2023-05-21 13:00:00+00:00,2023-05-21 14:00:00+00:00,O3,S14,3,37.089000000000006,35.40631484071494
2023-05-21 14:00:00+00:00,2023-05-21 15:00:00+00:00,O3,S14,3,38.107400000000005,37.12077851592862
2023-05-21 15:00:00+00:00,2023-05-21 16:00:00+00:00,O3,S14,3,38.51935,36.933726107226214
2023-05-21 16:00:00+00:00,2023-05-21 17:00:00+00:00,O3,S14,3,38.67804999999999,36.09717338772349
2023-05-21 17:00:00+00:00,2023-05-21 18:00:00+00:00,O3,S14,3,36.050066666666666,31.51118041958051
2023-05-21 18:00:00+00:00,2023-05-21 19:00:00+00:00,O3,S14,3,32.7744,30.546574475524558
2023-05-21 19:00:00+00:00,2023-05-21 20:00:00+00:00,O3,S14,3,31.32031666666667,26.86056056721064
2023-05-21 20:00:00+00:00,2023-05-21 21:00:00+00:00,O3,S14,3,33.581183333333335,28.97613438228446
2023-05-21 21:00:00+00:00,2023-05-21 22:00:00+00:00,O3,S14,3,31.480266666666665,26.20040392385399
2023-05-21 22:00:00+00:00,2023-05-21 23:00:00+00:00,O3,S14,3,28.929466666666663,26.245389083139155
2023-05-21 23:00:00+00:00,2023-05-22 00:00:00+00:00,O3,S14,3,25.38395,20.57534832944839
2023-05-22 00:00:00+00:00,2023-05-22 01:00:00+00:00,O3,S14,3,22.9063,17.540831895881944
2023-05-22 01:00:00+00:00,2023-05-22 02:00:00+00:00,O3,S14,3,21.32433333333333,15.963188282828325
2023-05-22 02:00:00+00:00,2023-05-22 03:00:00+00:00,O3,S14,3,17.645883333333334,16.359356157731202
2023-05-22 03:00:00+00:00,2023-05-22 04:00:00+00:00,O3,S14,3,14.554633333333332,11.622056550116582
2023-05-22 04:00:00+00:00,2023-05-22 05:00:00+00:00,O3,S14,3,16.207866666666664,11.123085124320152
2023-05-22 05:00:00+00:00,2023-05-22 06:00:00+00:00,O3,S14,3,20.291966666666667,14.170328869463908
2023-05-22 06:00:00+00:00,2023-05-22 07:00:00+00:00,O3,S14,3,27.75838333333333,24.682757972028043
2023-05-22 07:00:00+00:00,2023-05-22 08:00:00+00:00,O3,S14,3,30.37238333333333,27.31731274281282
2023-05-22 08:00:00+00:00,2023-05-22 09:00:00+00:00,O3,S14,3,34.47206666666667,27.93469409479417
2023-05-22 09:00:00+00:00,2023-05-22 10:00:00+00:00,O3,S14,3,39.61858333333333,34.72075256410266
2023-05-22 10:00:00+00:00,2023-05-22 11:00:00+00:00,O3,S14,3,40.7082,37.25350839160849
2023-05-22 11:00:00+00:00,2023-05-22 12:00:00+00:00,O3,S14,3,43.137616666666666,38.68111060606071
2023-05-22 12:00:00+00:00,2023-05-22 13:00:00+00:00,O3,S14,3,42.65215,38.70501643356654
2023-05-22 13:00:00+00:00,2023-05-22 14:00:00+00:00,O3,S14,3,45.9637,41.68997008547021
2023-05-22 14:00:00+00:00,2023-05-22 15:00:00+00:00,O3,S14,3,46.23126666666667,41.47654673659685
2023-05-22 15:00:00+00:00,2023-05-22 16:00:00+00:00,O3,S14,3,45.82736666666667,38.915451787101894
2023-05-22 16:00:00+00:00,2023-05-22 17:00:00+00:00,O3,S14,3,45.284416666666665,38.26547781662792
2023-05-22 17:00:00+00:00,2023-05-22 18:00:00+00:00,O3,S14,3,42.42371666666667,35.125300582750675
2023-05-22 18:00:00+00:00,2023-05-22 19:00:00+00:00,O3,S14,3,38.2347,32.270156643356735
2023-05-22 19:00:00+00:00,2023-05-22 20:00:00+00:00,O3,S14,3,35.522016666666666,31.148645687645775
2023-05-22 20:00:00+00:00,2023-05-22 21:00:00+00:00,O3,S14,3,34.294000000000004,28.97707533022541
2023-05-22 21:00:00+00:00,2023-05-22 22:00:00+00:00,O3,S14,3,31.21915,26.78901200466208
2023-05-22 22:00:00+00:00,2023-05-22 23:00:00+00:00,O3,S14,3,28.023333333333337,23.679058741258807
2023-05-22 23:00:00+00:00,2023-05-23 00:00:00+00:00,O3,S14,3,24.10095,19.629480769230824
2023-05-23 00:00:00+00:00,2023-05-23 01:00:00+00:00,O3,S14,3,22.453616666666665,16.930403209013257
2023-05-23 01:00:00+00:00,2023-05-23 02:00:00+00:00,O3,S14,3,18.37486666666667,16.21332894327899
2023-05-23 02:00:00+00:00,2023-05-23 03:00:00+00:00,O3,S14,3,15.348066666666666,13.003503531468569
2023-05-23 03:00:00+00:00,2023-05-23 04:00:00+00:00,O3,S14,3,17.469616666666667,12.617697952602986
2023-05-23 04:00:00+00:00,2023-05-23 05:00:00+00:00,O3,S14,3,17.7221,13.709398127428166
2023-05-23 05:00:00+00:00,2023-05-23 06:00:00+00:00,O3,S14,3,18.63298333333333,14.516746806526847
2023-05-23 06:00:00+00:00,2023-05-23 07:00:00+00:00,O3,S14,3,21.674166666666665,19.371423815073868
2023-05-23 07:00:00+00:00,2023-05-23 08:00:00+00:00,O3,S14,3,25.10353333333333,19.439317599067653
2023-05-23 08:00:00+00:00,2023-05-23 09:00:00+00:00,O3,S14,3,35.064883333333334,32.353614646464735
2023-05-23 09:00:00+00:00,2023-05-23 10:00:00+00:00,O3,S14,3,39.16548333333333,30.647805866355952
2023-05-23 10:00:00+00:00,2023-05-23 11:00:00+00:00,O3,S14,3,31.47075,25.961446542346614
2023-05-23 11:00:00+00:00,2023-05-23 12:00:00+00:00,O3,S14,3,30.70073333333333,26.906702564102645
2023-05-23 12:00:00+00:00,2023-05-23 13:00:00+00:00,O3,S14,3,34.727466666666665,28.261465112665192
2023-05-23 13:00:00+00:00,2023-05-23 14:00:00+00:00,O3,S14,3,38.11995,30.936552641802727
2023-05-23 14:00:00+00:00,2023-05-23 15:00:00+00:00,O3,S14,3,40.406416666666665,35.269136557886654
2023-05-23 15:00:00+00:00,2023-05-23 16:00:00+00:00,O3,S14,3,39.88518333333333,35.5571925019426
2023-05-23 16:00:00+00:00,2023-05-23 17:00:00+00:00,O3,S14,3,36.95758333333333,29.657439665889747
2023-05-23 17:00:00+00:00,2023-05-23 18:00:00+00:00,O3,S14,3,32.235083333333336,29.099286363636445
2023-05-23 18:00:00+00:00,2023-05-23 19:00:00+00:00,O3,S14,3,28.21208333333334,25.16106095571103
2023-05-23 19:00:00+00:00,2023-05-23 20:00:00+00:00,O3,S14,3,24.906333333333333,21.199334265734322
2023-05-23 20:00:00+00:00,2023-05-23 21:00:00+00:00,O3,S14,3,21.94718333333333,17.20126744366749
2023-05-23 21:00:00+00:00,2023-05-23 22:00:00+00:00,O3,S14,3,22.74900000000001,18.13853356643362
2023-05-23 22:00:00+00:00,2023-05-23 23:00:00+00:00,O3,S14,3,23.74728333333333,21.327415967366026
2023-05-23 23:00:00+00:00,2023-05-24 00:00:00+00:00,O3,S14,3,24.874016666666662,21.80224102564108
2023-05-24 00:00:00+00:00,2023-05-24 01:00:00+00:00,O3,S14,3,27.8432,21.40308399378405
2023-05-24 01:00:00+00:00,2023-05-24 02:00:00+00:00,O3,S14,3,25.23015,20.546538189588244
2023-05-24 02:00:00+00:00,2023-05-24 03:00:00+00:00,O3,S14,3,26.689400000000003,20.633971678321736
2023-05-24 03:00:00+00:00,2023-05-24 04:00:00+00:00,O3,S14,3,25.6622,21.29221989121995
2023-05-24 04:00:00+00:00,2023-05-24 05:00:00+00:00,O3,S14,3,25.866766666666667,20.756898096348156
2023-05-24 05:00:00+00:00,2023-05-24 06:00:00+00:00,O3,S14,3,24.888933333333338,20.4196376456877
2023-05-24 06:00:00+00:00,2023-05-24 07:00:00+00:00,O3,S14,3,25.73623333333333,20.053051981352038
2023-05-24 07:00:00+00:00,2023-05-24 08:00:00+00:00,O3,S14,3,26.26255,21.645680225330285
2023-05-24 08:00:00+00:00,2023-05-24 09:00:00+00:00,O3,S14,3,26.415800000000004,22.823026961927027
2023-05-24 09:00:00+00:00,2023-05-24 10:00:00+00:00,O3,S14,3,28.25258333333333,23.130742890442953
2023-05-24 10:00:00+00:00,2023-05-24 11:00:00+00:00,O3,S14,3,29.20235,26.10145209790217
2023-05-24 11:00:00+00:00,2023-05-24 12:00:00+00:00,O3,S14,3,31.668116666666663,26.499029098679166
2023-05-24 12:00:00+00:00,2023-05-24 13:00:00+00:00,O3,S14,3,34.33485,29.308525407925487
2023-05-24 13:00:00+00:00,2023-05-24 14:00:00+00:00,O3,S14,3,36.20775,30.55195874125883
2023-05-24 14:00:00+00:00,2023-05-24 15:00:00+00:00,O3,S14,3,37.59268333333333,32.09856837606847
2023-05-24 15:00:00+00:00,2023-05-24 16:00:00+00:00,O3,S14,3,35.847500000000004,32.73631371406381
2023-05-24 16:00:00+00:00,2023-05-24 17:00:00+00:00,O3,S14,3,34.42555,28.617217948718025
2023-05-24 17:00:00+00:00,2023-05-24 18:00:00+00:00,O3,S14,3,32.93796666666666,27.24927447552455
2023-05-24 18:00:00+00:00,2023-05-24 19:00:00+00:00,O3,S14,3,31.3134,24.353408275058342
2023-05-24 19:00:00+00:00,2023-05-24 20:00:00+00:00,O3,S14,3,26.271516666666667,21.47625128205134
2023-05-24 20:00:00+00:00,2023-05-24 21:00:00+00:00,O3,S14,3,25.569566666666663,21.736352214452275
2023-05-24 21:00:00+00:00,2023-05-24 22:00:00+00:00,O3,S14,3,23.37215,19.8020716472417
2023-05-24 22:00:00+00:00,2023-05-24 23:00:00+00:00,O3,S14,3,19.11808333333333,14.728287820512861
2023-05-24 23:00:00+00:00,2023-05-25 00:00:00+00:00,O3,S14,3,14.974233333333332,12.218418111888145
2023-05-25 00:00:00+00:00,2023-05-25 01:00:00+00:00,O3,S14,3,12.633633333333334,9.81213631313134
2023-05-25 01:00:00+00:00,2023-05-25 02:00:00+00:00,O3,S14,3,11.1244,8.952836250971277
2023-05-25 02:00:00+00:00,2023-05-25 03:00:00+00:00,O3,S14,3,10.075646666666668,7.860709933954955
2023-05-25 03:00:00+00:00,2023-05-25 04:00:00+00:00,O3,S14,3,11.04895,7.617300866355888
2023-05-25 04:00:00+00:00,2023-05-25 05:00:00+00:00,O3,S14,3,11.454216666666667,10.58178550116553
2023-05-25 05:00:00+00:00,2023-05-25 06:00:00+00:00,O3,S14,3,16.136033333333334,12.728637672882709
2023-05-25 06:00:00+00:00,2023-05-25 07:00:00+00:00,O3,S14,3,24.545800000000003,18.225205695415745
2023-05-25 07:00:00+00:00,2023-05-25 08:00:00+00:00,O3,S14,3,27.495316666666668,23.804777700077764
2023-05-25 08:00:00+00:00,2023-05-25 09:00:00+00:00,O3,S14,3,30.28621666666666,26.124266239316313
2023-05-25 09:00:00+00:00,2023-05-25 10:00:00+00:00,O3,S14,3,32.61643333333333,29.690959930070015
2023-05-25 10:00:00+00:00,2023-05-25 11:00:00+00:00,O3,S14,3,35.20471666666667,30.930645439005527
2023-05-25 11:00:00+00:00,2023-05-25 12:00:00+00:00,O3,S14,3,38.5517,35.02926435897446
2023-05-25 12:00:00+00:00,2023-05-25 13:00:00+00:00,O3,S14,3,41.34685,38.95250345765356
2023-05-25 13:00:00+00:00,2023-05-25 14:00:00+00:00,O3,S14,3,44.38446666666666,38.77896790986802
2023-05-25 14:00:00+00:00,2023-05-25 15:00:00+00:00,O3,S14,3,46.32635,40.190431546231665
2023-05-25 15:00:00+00:00,2023-05-25 16:00:00+00:00,O3,S14,3,45.3308,38.003607498057605
2023-05-25 16:00:00+00:00,2023-05-25 17:00:00+00:00,O3,S14,3,43.543600000000005,38.34650501165512
2023-05-25 17:00:00+00:00,2023-05-25 18:00:00+00:00,O3,S14,3,41.73251666666667,35.8136505050506
2023-05-25 18:00:00+00:00,2023-05-25 19:00:00+00:00,O3,S14,3,38.3625,29.83477777777786
2023-05-25 19:00:00+00:00,2023-05-25 20:00:00+00:00,O3,S14,3,34.94481666666667,30.434210567210656
2023-05-25 20:00:00+00:00,2023-05-25 21:00:00+00:00,O3,S14,3,30.83238333333334,28.733359945610026
2023-05-25 21:00:00+00:00,2023-05-25 22:00:00+00:00,O3,S14,3,29.229583333333327,23.895616472416535
2023-05-25 22:00:00+00:00,2023-05-25 23:00:00+00:00,O3,S14,3,29.367916666666662,23.04681841491848
2023-05-25 23:00:00+00:00,2023-05-26 00:00:00+00:00,O3,S14,3,28.995516666666663,24.851233527583595
2023-05-26 00:00:00+00:00,2023-05-26 01:00:00+00:00,O3,S14,3,28.550466666666665,24.29866235431242
2023-05-26 01:00:00+00:00,2023-05-26 02:00:00+00:00,O3,S14,3,27.07743333333333,23.46525485625492
2023-05-26 02:00:00+00:00,2023-05-26 03:00:00+00:00,O3,S14,3,20.678283333333336,14.48569027972032
2023-05-26 03:00:00+00:00,2023-05-26 04:00:00+00:00,O3,S14,3,15.896233333333337,12.648840000000035
2023-05-26 04:00:00+00:00,2023-05-26 05:00:00+00:00,O3,S14,3,15.696566666666667,12.303973850038886
2023-05-26 05:00:00+00:00,2023-05-26 06:00:00+00:00,O3,S14,3,19.868566666666663,16.018454001554044
2023-05-26 06:00:00+00:00,2023-05-26 07:00:00+00:00,O3,S14,3,26.82645,23.388110450660516
2023-05-26 07:00:00+00:00,2023-05-26 08:00:00+00:00,O3,S14,3,29.85733333333334,24.241756410256478
2023-05-26 08:00:00+00:00,2023-05-26 09:00:00+00:00,O3,S14,3,34.80011666666667,28.06552890442898
2023-05-26 09:00:00+00:00,2023-05-26 10:00:00+00:00,O3,S14,3,39.06266666666667,34.22173512043521
2023-05-26 10:00:00+00:00,2023-05-26 11:00:00+00:00,O3,S14,3,39.827216666666665,35.65405967365977
2023-05-26 11:00:00+00:00,2023-05-26 12:00:00+00:00,O3,S14,3,39.65545,34.19433088578098
2023-05-26 12:00:00+00:00,2023-05-26 13:00:00+00:00,O3,S14,3,40.52003333333333,33.969354040404134
2023-05-26 13:00:00+00:00,2023-05-26 14:00:00+00:00,O3,S14,3,41.53796666666667,34.906137296037386
2023-05-26 14:00:00+00:00,2023-05-26 15:00:00+00:00,O3,S14,3,41.157716666666666,36.06616503496514
2023-05-26 15:00:00+00:00,2023-05-26 16:00:00+00:00,O3,S14,3,42.1824,35.240159867909966
2023-05-26 16:00:00+00:00,2023-05-26 17:00:00+00:00,O3,S14,3,42.083866666666665,36.656763131313234
2023-05-26 17:00:00+00:00,2023-05-26 18:00:00+00:00,O3,S14,3,40.34271666666667,35.896936946387044
2023-05-26 18:00:00+00:00,2023-05-26 19:00:00+00:00,O3,S14,3,39.013783333333336,31.695035042735128
2023-05-26 19:00:00+00:00,2023-05-26 20:00:00+00:00,O3,S14,3,37.59551666666667,30.391592113442197
2023-05-26 20:00:00+00:00,2023-05-26 21:00:00+00:00,O3,S14,3,34.22881666666667,27.763561655011735
2023-05-26 21:00:00+00:00,2023-05-26 22:00:00+00:00,O3,S14,3,31.92385,27.262384382284456
2023-05-26 22:00:00+00:00,2023-05-26 23:00:00+00:00,O3,S14,3,30.46505,25.722303069153142
2023-05-26 23:00:00+00:00,2023-05-27 00:00:00+00:00,O3,S14,3,27.5328,20.998724630924688
2023-05-27 00:00:00+00:00,2023-05-27 01:00:00+00:00,O3,S14,3,25.178633333333337,19.418105633255685
2023-05-27 01:00:00+00:00,2023-05-27 02:00:00+00:00,O3,S14,3,23.938866666666662,20.98601724941731
2023-05-27 02:00:00+00:00,2023-05-27 03:00:00+00:00,O3,S14,3,23.847166666666663,19.225419230769283
2023-05-27 03:00:00+00:00,2023-05-27 04:00:00+00:00,O3,S14,3,20.39763333333333,16.42357332556337
2023-05-27 04:00:00+00:00,2023-05-27 05:00:00+00:00,O3,S14,3,18.66633333333333,15.46378213675218
2023-05-27 05:00:00+00:00,2023-05-27 06:00:00+00:00,O3,S14,3,17.91916666666667,17.777419238539288
2023-05-27 06:00:00+00:00,2023-05-27 07:00:00+00:00,O3,S14,3,26.83308333333333,19.23201519813525
2023-05-27 07:00:00+00:00,2023-05-27 08:00:00+00:00,O3,S14,3,28.578150000000004,21.672366511266574
2023-05-27 08:00:00+00:00,2023-05-27 09:00:00+00:00,O3,S14,3,31.21868333333333,27.338206604506677
2023-05-27 09:00:00+00:00,2023-05-27 10:00:00+00:00,O3,S14,3,34.8394,30.999251981352067
2023-05-27 10:00:00+00:00,2023-05-27 11:00:00+00:00,O3,S14,3,37.34161666666667,32.85213139083149
2023-05-27 11:00:00+00:00,2023-05-27 12:00:00+00:00,O3,S14,3,39.49496666666666,33.090237257187354
2023-05-27 12:00:00+00:00,2023-05-27 13:00:00+00:00,O3,S14,3,38.44398333333333,34.202993589743684
2023-05-27 13:00:00+00:00,2023-05-27 14:00:00+00:00,O3,S14,3,38.85153333333333,35.01450524475534
2023-05-27 14:00:00+00:00,2023-05-27 15:00:00+00:00,O3,S14,3,38.2881,33.18798379953388
2023-05-27 15:00:00+00:00,2023-05-27 16:00:00+00:00,O3,S14,3,37.85168333333333,34.608436169386266
2023-05-27 16:00:00+00:00,2023-05-27 17:00:00+00:00,O3,S14,3,36.4305,32.351004351204445
2023-05-27 17:00:00+00:00,2023-05-27 18:00:00+00:00,O3,S14,3,36.85153333333333,30.662080186480267
2023-05-27 18:00:00+00:00,2023-05-27 19:00:00+00:00,O3,S14,3,32.797149999999995,29.447358197358277
2023-05-27 19:00:00+00:00,2023-05-27 20:00:00+00:00,O3,S14,3,28.173716666666667,24.779177117327187
2023-05-27 20:00:00+00:00,2023-05-27 21:00:00+00:00,O3,S14,3,27.7452,22.806227661227723
2023-05-27 21:00:00+00:00,2023-05-27 22:00:00+00:00,O3,S14,3,26.310716666666664,22.977511421911487
2023-05-27 22:00:00+00:00,2023-05-27 23:00:00+00:00,O3,S14,3,23.00401666666667,18.514775252525304
2023-05-27 23:00:00+00:00,2023-05-28 00:00:00+00:00,O3,S14,3,22.906166666666664,18.081623154623202
2023-05-28 00:00:00+00:00,2023-05-28 01:00:00+00:00,O3,S14,3,24.846016666666667,18.404911752136805
2023-05-28 01:00:00+00:00,2023-05-28 02:00:00+00:00,O3,S14,3,17.924366666666668,12.807131064491099
2023-05-28 02:00:00+00:00,2023-05-28 03:00:00+00:00,O3,S14,3,13.937233333333332,12.381106293706328
2023-05-28 03:00:00+00:00,2023-05-28 04:00:00+00:00,O3,S14,3,12.616466666666666,8.817091822066846
2023-05-28 04:00:00+00:00,2023-05-28 05:00:00+00:00,O3,S14,3,12.459,10.037630015540044
2023-05-28 05:00:00+00:00,2023-05-28 06:00:00+00:00,O3,S14,3,13.971166666666669,10.038341305361334
2023-05-28 06:00:00+00:00,2023-05-28 07:00:00+00:00,O3,S14,3,17.875483333333335,17.022374945609993
2023-05-28 07:00:00+00:00,2023-05-28 08:00:00+00:00,O3,S14,3,28.22548333333333,25.162682836052902
2023-05-28 08:00:00+00:00,2023-05-28 09:00:00+00:00,O3,S14,3,36.65906666666667,28.726129254079336
2023-05-28 09:00:00+00:00,2023-05-28 10:00:00+00:00,O3,S14,3,38.93443333333333,33.4052982128983
2023-05-28 10:00:00+00:00,2023-05-28 11:00:00+00:00,O3,S14,3,40.58911666666666,36.177179176379276
2023-05-28 11:00:00+00:00,2023-05-28 12:00:00+00:00,O3,S14,3,41.10735,34.592275796425895
2023-05-28 12:00:00+00:00,2023-05-28 13:00:00+00:00,O3,S14,3,42.44941666666666,36.856565656565756
2023-05-28 13:00:00+00:00,2023-05-28 14:00:00+00:00,O3,S14,3,42.10543333333333,39.913779759129866
2023-05-28 14:00:00+00:00,2023-05-28 15:00:00+00:00,O3,S14,3,44.30976666666667,38.284681662781765
2023-05-28 15:00:00+00:00,2023-05-28 16:00:00+00:00,O3,S14,3,46.2045,39.212343550893664
2023-05-28 16:00:00+00:00,2023-05-28 17:00:00+00:00,O3,S14,3,43.41254999999999,36.48254013209023
2023-05-28 17:00:00+00:00,2023-05-28 18:00:00+00:00,O3,S14,3,41.97171666666667,33.75647377622387
2023-05-28 18:00:00+00:00,2023-05-28 19:00:00+00:00,O3,S14,3,33.64926666666667,27.09385353535361
2023-05-28 19:00:00+00:00,2023-05-28 20:00:00+00:00,O3,S14,3,29.53493333333333,25.012218648018717
2023-05-28 20:00:00+00:00,2023-05-28 21:00:00+00:00,O3,S14,3,31.262416666666667,26.464740559440635
2023-05-28 21:00:00+00:00,2023-05-28 22:00:00+00:00,O3,S14,3,28.31881666666668,24.776325058275127
2023-05-28 22:00:00+00:00,2023-05-28 23:00:00+00:00,O3,S14,3,27.663566666666664,21.674393512043565
2023-05-28 23:00:00+00:00,2023-05-29 00:00:00+00:00,O3,S14,3,24.619399999999995,18.779820264180316
2023-05-29 00:00:00+00:00,2023-05-29 01:00:00+00:00,O3,S14,3,16.912566666666667,11.96229797591301
2023-05-29 01:00:00+00:00,2023-05-29 02:00:00+00:00,O3,S14,3,14.962483333333331,10.977725543900572
2023-05-29 02:00:00+00:00,2023-05-29 03:00:00+00:00,O3,S14,3,14.101566666666663,11.682966794871827
2023-05-29 03:00:00+00:00,2023-05-29 04:00:00+00:00,O3,S14,3,12.923666666666668,9.770556938616966
2023-05-29 04:00:00+00:00,2023-05-29 05:00:00+00:00,O3,S14,3,12.402583333333332,9.691980609945636
2023-05-29 05:00:00+00:00,2023-05-29 06:00:00+00:00,O3,S14,3,13.560616666666666,9.577378278943305
2023-05-29 06:00:00+00:00,2023-05-29 07:00:00+00:00,O3,S14,3,17.169383333333332,12.472608663558699
2023-05-29 07:00:00+00:00,2023-05-29 08:00:00+00:00,O3,S14,3,35.653283333333334,28.813750069930155
2023-05-29 08:00:00+00:00,2023-05-29 09:00:00+00:00,O3,S14,3,40.398066666666665,35.79640268065278
2023-05-29 09:00:00+00:00,2023-05-29 10:00:00+00:00,O3,S14,3,44.94683333333333,41.42498655788667
2023-05-29 10:00:00+00:00,2023-05-29 11:00:00+00:00,O3,S14,3,45.86818333333333,42.382056138306254
2023-05-29 11:00:00+00:00,2023-05-29 12:00:00+00:00,O3,S14,3,47.00745,42.99907101787114
2023-05-29 12:00:00+00:00,2023-05-29 13:00:00+00:00,O3,S14,3,47.56483333333333,40.731725912976025
2023-05-29 13:00:00+00:00,2023-05-29 14:00:00+00:00,O3,S14,3,47.53226666666666,43.34351790986803
2023-05-29 14:00:00+00:00,2023-05-29 15:00:00+00:00,O3,S14,3,45.82011666666667,43.18008453768466
2023-05-29 15:00:00+00:00,2023-05-29 16:00:00+00:00,O3,S14,3,46.385466666666666,40.776672882673
2023-05-29 16:00:00+00:00,2023-05-29 17:00:00+00:00,O3,S14,3,45.53331666666667,39.31104327894339
2023-05-29 17:00:00+00:00,2023-05-29 18:00:00+00:00,O3,S14,3,42.95216666666667,37.78861701631712
2023-05-29 18:00:00+00:00,2023-05-29 19:00:00+00:00,O3,S14,3,40.08915,36.633760489510586
2023-05-29 19:00:00+00:00,2023-05-29 20:00:00+00:00,O3,S14,3,36.5998,30.661720707070792
2023-05-29 20:00:00+00:00,2023-05-29 21:00:00+00:00,O3,S14,3,35.15246666666666,28.876424553224634
2023-05-29 21:00:00+00:00,2023-05-29 22:00:00+00:00,O3,S14,3,33.051116666666665,28.482106682206762
2023-05-29 22:00:00+00:00,2023-05-29 23:00:00+00:00,O3,S14,3,31.5697,26.509584926185003
2023-05-29 23:00:00+00:00,2023-05-30 00:00:00+00:00,O3,S14,3,28.72355,22.177394211344275
2023-05-30 00:00:00+00:00,2023-05-30 01:00:00+00:00,O3,S14,3,27.187633333333338,23.044002331002396
2023-05-30 01:00:00+00:00,2023-05-30 02:00:00+00:00,O3,S14,3,27.43115,23.16911157731164
2023-05-30 02:00:00+00:00,2023-05-30 03:00:00+00:00,O3,S14,3,26.818466666666662,21.929797940948
2023-05-30 03:00:00+00:00,2023-05-30 04:00:00+00:00,O3,S14,3,21.73958333333333,18.813105982906034
2023-05-30 04:00:00+00:00,2023-05-30 05:00:00+00:00,O3,S14,3,26.952583333333333,22.268634926184987
2023-05-30 05:00:00+00:00,2023-05-30 06:00:00+00:00,O3,S14,3,28.1297,24.100999106449173
2023-05-30 06:00:00+00:00,2023-05-30 07:00:00+00:00,O3,S14,3,30.237800000000004,25.420917443667513
2023-05-30 07:00:00+00:00,2023-05-30 08:00:00+00:00,O3,S14,3,31.569216666666662,27.565917871017945
2023-05-30 08:00:00+00:00,2023-05-30 09:00:00+00:00,O3,S14,3,35.666149999999995,31.935137995338085
2023-05-30 09:00:00+00:00,2023-05-30 10:00:00+00:00,O3,S14,3,39.274233333333335,34.514017606837704
2023-05-30 10:00:00+00:00,2023-05-30 11:00:00+00:00,O3,S14,3,40.97348,33.85900346542356
2023-05-30 11:00:00+00:00,2023-05-30 12:00:00+00:00,O3,S14,3,41.37855,36.63066235431245
2023-05-30 12:00:00+00:00,2023-05-30 13:00:00+00:00,O3,S14,3,44.24115,37.4519554001555
2023-05-30 13:00:00+00:00,2023-05-30 14:00:00+00:00,O3,S14,3,46.66205,40.85411441336453
2023-05-30 14:00:00+00:00,2023-05-30 15:00:00+00:00,O3,S14,3,45.068016666666665,40.649953341103455
2023-05-30 15:00:00+00:00,2023-05-30 16:00:00+00:00,O3,S14,3,43.49158333333333,37.658830069930175
2023-05-30 16:00:00+00:00,2023-05-30 17:00:00+00:00,O3,S14,3,41.95888333333333,37.00492735042746
2023-05-30 17:00:00+00:00,2023-05-30 18:00:00+00:00,O3,S14,3,40.75841666666667,35.024928438228535
2023-05-30 18:00:00+00:00,2023-05-30 19:00:00+00:00,O3,S14,3,37.9716,30.490706643356727
2023-05-30 19:00:00+00:00,2023-05-30 20:00:00+00:00,O3,S14,3,33.94603333333333,28.61459658119666
2023-05-30 20:00:00+00:00,2023-05-30 21:00:00+00:00,O3,S14,3,31.049066666666665,25.836454467754542
2023-05-30 21:00:00+00:00,2023-05-30 22:00:00+00:00,O3,S14,3,26.74823333333333,19.17889755244761
2023-05-30 22:00:00+00:00,2023-05-30 23:00:00+00:00,O3,S14,3,22.082000000000004,18.625203613053667
2023-05-30 23:00:00+00:00,2023-05-31 00:00:00+00:00,O3,S14,3,25.410566666666664,20.272338578088632
2023-05-31 00:00:00+00:00,2023-05-31 01:00:00+00:00,O3,S14,3,19.94308333333333,18.86865811965817
2023-05-31 01:00:00+00:00,2023-05-31 02:00:00+00:00,O3,S14,3,16.8158,12.324030874125908
2023-05-31 02:00:00+00:00,2023-05-31 03:00:00+00:00,O3,S14,3,15.529983333333334,11.232384662004693
2023-05-31 03:00:00+00:00,2023-05-31 04:00:00+00:00,O3,S14,3,14.140016666666668,11.052270446775477
2023-05-31 04:00:00+00:00,2023-05-31 05:00:00+00:00,O3,S14,3,16.844033333333332,12.77313827505831
2023-05-31 05:00:00+00:00,2023-05-31 06:00:00+00:00,O3,S14,3,17.850800000000003,14.327580621600664
2023-05-31 06:00:00+00:00,2023-05-31 07:00:00+00:00,O3,S14,3,25.548,17.046275617715665
2023-05-31 07:00:00+00:00,2023-05-31 08:00:00+00:00,O3,S14,3,37.51595,27.269843550893622
2023-05-31 08:00:00+00:00,2023-05-31 09:00:00+00:00,O3,S14,3,43.85614999999999,37.006667676767776
2023-05-31 09:00:00+00:00,2023-05-31 10:00:00+00:00,O3,S14,3,44.59175,40.44346612276624
2023-05-31 10:00:00+00:00,2023-05-31 11:00:00+00:00,O3,S14,3,44.19758333333333,41.42069728049739
2023-05-31 11:00:00+00:00,2023-05-31 12:00:00+00:00,O3,S14,3,42.44825,39.25199226884238
2023-05-31 12:00:00+00:00,2023-05-31 13:00:00+00:00,O3,S14,3,41.52218333333334,37.68856666666677
2023-05-31 13:00:00+00:00,2023-05-31 14:00:00+00:00,O3,S14,3,39.53731666666666,34.38087451437461
2023-05-31 14:00:00+00:00,2023-05-31 15:00:00+00:00,O3,S14,3,39.7567,35.622831546231644
2023-05-31 15:00:00+00:00,2023-05-31 16:00:00+00:00,O3,S14,3,40.348216666666666,35.4712404040405
2023-05-31 16:00:00+00:00,2023-05-31 17:00:00+00:00,O3,S14,3,40.75411666666667,35.64818445998456
2023-05-31 17:00:00+00:00,2023-05-31 18:00:00+00:00,O3,S14,3,41.421,33.82952641802651
2023-05-31 18:00:00+00:00,2023-05-31 19:00:00+00:00,O3,S14,3,34.65368333333333,32.109525835275925
2023-05-31 19:00:00+00:00,2023-05-31 20:00:00+00:00,O3,S14,3,27.952233333333336,23.868153030303098
2023-05-31 20:00:00+00:00,2023-05-31 21:00:00+00:00,O3,S14,3,28.775433333333336,23.87090015540022
2023-05-31 21:00:00+00:00,2023-05-31 22:00:00+00:00,O3,S14,3,25.79533333333333,22.221778787878847
2023-05-31 22:00:00+00:00,2023-05-31 23:00:00+00:00,O3,S14,3,25.58635,20.301335975136027
2023-05-31 23:00:00+00:00,2023-06-01 00:00:00+00:00,O3,S14,3,23.932916666666667,19.350632400932454
2023-06-01 00:00:00+00:00,2023-06-01 01:00:00+00:00,O3,S14,3,20.34625,16.743008298368345
2023-06-01 01:00:00+00:00,2023-06-01 02:00:00+00:00,O3,S14,3,18.28545,15.743989572649616
2023-06-01 02:00:00+00:00,2023-06-01 03:00:00+00:00,O3,S14,3,16.69335,12.768824673659708
2023-06-01 03:00:00+00:00,2023-06-01 04:00:00+00:00,O3,S14,3,15.526266666666666,12.34717632478636
2023-06-01 04:00:00+00:00,2023-06-01 05:00:00+00:00,O3,S14,3,15.148383333333337,11.999402439782473
2023-06-01 05:00:00+00:00,2023-06-01 06:00:00+00:00,O3,S14,3,18.608933333333333,14.912475637140677
2023-06-01 06:00:00+00:00,2023-06-01 07:00:00+00:00,O3,S14,3,19.832666666666665,18.011111068376117
2023-06-01 07:00:00+00:00,2023-06-01 08:00:00+00:00,O3,S14,3,30.284066666666664,23.4862097397048
2023-06-01 08:00:00+00:00,2023-06-01 09:00:00+00:00,O3,S14,3,37.772533333333335,31.13629405594414
2023-06-01 09:00:00+00:00,2023-06-01 10:00:00+00:00,O3,S14,3,46.514316666666666,43.14799790209803
2023-06-01 10:00:00+00:00,2023-06-01 11:00:00+00:00,O3,S14,3,50.97938333333334,46.56083453768467
2023-06-01 11:00:00+00:00,2023-06-01 12:00:00+00:00,O3,S14,3,51.616150000000005,46.12405470085483
2023-06-01 12:00:00+00:00,2023-06-01 13:00:00+00:00,O3,S14,3,50.6959,43.519570124320246
2023-06-01 13:00:00+00:00,2023-06-01 14:00:00+00:00,O3,S14,3,54.61346666666666,45.67306006216019
2023-06-01 14:00:00+00:00,2023-06-01 15:00:00+00:00,O3,S14,3,53.75874999999999,48.9927063714065
2023-06-01 15:00:00+00:00,2023-06-01 16:00:00+00:00,O3,S14,3,50.95925,47.31980819735833
2023-06-01 16:00:00+00:00,2023-06-01 17:00:00+00:00,O3,S14,3,52.13603333333333,46.41794599844613
2023-06-01 17:00:00+00:00,2023-06-01 18:00:00+00:00,O3,S14,3,53.22228333333333,47.99286530691544
2023-06-01 18:00:00+00:00,2023-06-01 19:00:00+00:00,O3,S14,3,45.51238333333333,35.60752404817414
2023-06-01 19:00:00+00:00,2023-06-01 20:00:00+00:00,O3,S14,3,40.16315,34.64164910644921
2023-06-01 20:00:00+00:00,2023-06-01 21:00:00+00:00,O3,S14,3,36.15935,32.86694374514384
2023-06-01 21:00:00+00:00,2023-06-01 22:00:00+00:00,O3,S14,3,32.55186666666666,27.16992031857039
2023-06-01 22:00:00+00:00,2023-06-01 23:00:00+00:00,O3,S14,3,28.63235,24.23937587412594
2023-06-01 23:00:00+00:00,2023-06-02 00:00:00+00:00,O3,S14,3,27.81303333333333,22.05490326340332
2023-06-02 00:00:00+00:00,2023-06-02 01:00:00+00:00,O3,S14,3,27.95301666666667,22.68969774669781
2023-06-02 01:00:00+00:00,2023-06-02 02:00:00+00:00,O3,S14,3,26.28386666666667,24.13658710178717
2023-06-02 02:00:00+00:00,2023-06-02 03:00:00+00:00,O3,S14,3,25.87285,21.53193430458436
2023-06-02 03:00:00+00:00,2023-06-02 04:00:00+00:00,O3,S14,3,24.602816666666666,20.699994055944114
2023-06-02 04:00:00+00:00,2023-06-02 05:00:00+00:00,O3,S14,3,23.36263333333333,18.963335703185756
2023-06-02 05:00:00+00:00,2023-06-02 06:00:00+00:00,O3,S14,3,26.9963,21.06567968142974
2023-06-02 06:00:00+00:00,2023-06-02 07:00:00+00:00,O3,S14,3,28.26651666666667,22.401701981352044
2023-06-02 07:00:00+00:00,2023-06-02 08:00:00+00:00,O3,S14,3,30.06188333333333,23.91078360528367
2023-06-02 08:00:00+00:00,2023-06-02 09:00:00+00:00,O3,S14,3,33.16936666666667,27.981164219114298
2023-06-02 09:00:00+00:00,2023-06-02 10:00:00+00:00,O3,S14,3,38.25953333333333,30.388254312354398
2023-06-02 10:00:00+00:00,2023-06-02 11:00:00+00:00,O3,S14,3,38.09496666666667,31.444809518259603
2023-06-02 11:00:00+00:00,2023-06-02 12:00:00+00:00,O3,S14,3,39.017516666666666,33.313569502719595
2023-06-02 12:00:00+00:00,2023-06-02 13:00:00+00:00,O3,S14,3,41.3483,35.45841942501953
2023-06-02 13:00:00+00:00,2023-06-02 14:00:00+00:00,O3,S14,3,41.76518333333333,37.05032871017881
2023-06-02 14:00:00+00:00,2023-06-02 15:00:00+00:00,O3,S14,3,43.01813333333333,36.11178737373747
2023-06-02 15:00:00+00:00,2023-06-02 16:00:00+00:00,O3,S14,3,41.23133333333333,34.173059945610035
2023-06-02 16:00:00+00:00,2023-06-02 17:00:00+00:00,O3,S14,3,39.7922,32.31428954933965
2023-06-02 17:00:00+00:00,2023-06-02 18:00:00+00:00,O3,S14,3,37.00163333333334,31.752394444444537
2023-06-02 18:00:00+00:00,2023-06-02 19:00:00+00:00,O3,S14,3,33.71875,30.482451087801174
2023-06-02 19:00:00+00:00,2023-06-02 20:00:00+00:00,O3,S14,3,31.71368333333333,27.56121503496511
2023-06-02 20:00:00+00:00,2023-06-02 21:00:00+00:00,O3,S14,3,29.43843333333333,25.808630691530762
2023-06-02 21:00:00+00:00,2023-06-02 22:00:00+00:00,O3,S14,3,27.754816666666667,22.23644471639478
2023-06-02 22:00:00+00:00,2023-06-02 23:00:00+00:00,O3,S14,3,27.451666666666668,22.70373442113448
2023-06-02 23:00:00+00:00,2023-06-03 00:00:00+00:00,O3,S14,3,27.370516666666663,22.326232983683045
2023-06-03 00:00:00+00:00,2023-06-03 01:00:00+00:00,O3,S14,3,24.418816666666668,21.81469972804979
2023-06-03 01:00:00+00:00,2023-06-03 02:00:00+00:00,O3,S14,3,25.45715,19.884686790986848
2023-06-03 02:00:00+00:00,2023-06-03 03:00:00+00:00,O3,S14,3,23.643266666666666,19.479464763014818
2023-06-03 03:00:00+00:00,2023-06-03 04:00:00+00:00,O3,S14,3,22.729966666666662,19.356143589743645
2023-06-03 04:00:00+00:00,2023-06-03 05:00:00+00:00,O3,S14,3,22.896216666666664,18.57179968919974
2023-06-03 05:00:00+00:00,2023-06-03 06:00:00+00:00,O3,S14,3,23.027416666666667,19.772083838383892
2023-06-03 06:00:00+00:00,2023-06-03 07:00:00+00:00,O3,S14,3,25.38555,21.212605516705572
2023-06-03 07:00:00+00:00,2023-06-03 08:00:00+00:00,O3,S14,3,30.060916666666667,26.519351048951123
2023-06-03 08:00:00+00:00,2023-06-03 09:00:00+00:00,O3,S14,3,32.817233333333334,26.278671561771638
2023-06-03 09:00:00+00:00,2023-06-03 10:00:00+00:00,O3,S14,3,34.18066666666667,28.4522844211345
2023-06-03 10:00:00+00:00,2023-06-03 11:00:00+00:00,O3,S14,3,36.33285,32.34211748251757
2023-06-03 11:00:00+00:00,2023-06-03 12:00:00+00:00,O3,S14,3,36.95493333333334,31.899132167832256
2023-06-03 12:00:00+00:00,2023-06-03 13:00:00+00:00,O3,S14,3,37.500483333333335,33.771584926185014
2023-06-03 13:00:00+00:00,2023-06-03 14:00:00+00:00,O3,S14,3,39.569316666666666,34.471652641802734
2023-06-03 14:00:00+00:00,2023-06-03 15:00:00+00:00,O3,S14,3,41.22956666666666,37.103868531468635
2023-06-03 15:00:00+00:00,2023-06-03 16:00:00+00:00,O3,S14,3,40.07256666666667,36.102472105672206
2023-06-03 16:00:00+00:00,2023-06-03 17:00:00+00:00,O3,S14,3,40.44983333333333,33.84598383838393
2023-06-03 17:00:00+00:00,2023-06-03 18:00:00+00:00,O3,S14,3,39.058166666666665,35.02944996115006
2023-06-03 18:00:00+00:00,2023-06-03 19:00:00+00:00,O3,S14,3,36.092866666666666,32.130127428127516
2023-06-03 19:00:00+00:00,2023-06-03 20:00:00+00:00,O3,S14,3,31.821750000000005,28.276682750582832
2023-06-03 20:00:00+00:00,2023-06-03 21:00:00+00:00,O3,S14,3,28.127866666666662,23.635338111888174
2023-06-03 21:00:00+00:00,2023-06-03 22:00:00+00:00,O3,S14,3,28.25861666666667,24.81418344988352
2023-06-03 22:00:00+00:00,2023-06-03 23:00:00+00:00,O3,S14,3,27.8296,24.801287606837676
2023-06-03 23:00:00+00:00,2023-06-04 00:00:00+00:00,O3,S14,3,26.11198333333333,19.82828088578094
2023-06-04 00:00:00+00:00,2023-06-04 01:00:00+00:00,O3,S14,3,21.361183333333333,18.666838344988395
2023-06-04 01:00:00+00:00,2023-06-04 02:00:00+00:00,O3,S14,3,21.08346666666667,15.883341080031125
2023-06-04 02:00:00+00:00,2023-06-04 03:00:00+00:00,O3,S14,3,17.41391666666667,13.360345361305399
2023-06-04 03:00:00+00:00,2023-06-04 04:00:00+00:00,O3,S14,3,14.775183333333333,11.423354825174858
2023-06-04 04:00:00+00:00,2023-06-04 05:00:00+00:00,O3,S14,3,15.124116666666668,12.660053310023345
2023-06-04 05:00:00+00:00,2023-06-04 06:00:00+00:00,O3,S14,3,16.46486666666667,12.086883259518293
2023-06-04 06:00:00+00:00,2023-06-04 07:00:00+00:00,O3,S14,3,24.915466666666664,17.724318376068425
2023-06-04 07:00:00+00:00,2023-06-04 08:00:00+00:00,O3,S14,3,32.4319,27.29396806526814
2023-06-04 08:00:00+00:00,2023-06-04 09:00:00+00:00,O3,S14,3,36.753416666666666,30.071597824397905
2023-06-04 09:00:00+00:00,2023-06-04 10:00:00+00:00,O3,S14,3,40.86626666666666,34.6780594017095
2023-06-04 10:00:00+00:00,2023-06-04 11:00:00+00:00,O3,S14,3,41.19401666666666,34.88022672882683
2023-06-04 11:00:00+00:00,2023-06-04 12:00:00+00:00,O3,S14,3,41.40246666666667,36.310611149961254
2023-06-04 12:00:00+00:00,2023-06-04 13:00:00+00:00,O3,S14,3,42.24613333333333,37.84505656565667
2023-06-04 13:00:00+00:00,2023-06-04 14:00:00+00:00,O3,S14,3,41.34551666666667,38.34787552447563
2023-06-04 14:00:00+00:00,2023-06-04 15:00:00+00:00,O3,S14,3,40.82595,34.721422299922395
2023-06-04 15:00:00+00:00,2023-06-04 16:00:00+00:00,O3,S14,3,41.382666666666665,35.822345508935605
2023-06-04 16:00:00+00:00,2023-06-04 17:00:00+00:00,O3,S14,3,39.363083333333336,33.08237161616171
2023-06-04 17:00:00+00:00,2023-06-04 18:00:00+00:00,O3,S14,3,37.90353333333333,32.539146775446866
2023-06-04 18:00:00+00:00,2023-06-04 19:00:00+00:00,O3,S14,3,35.79815,30.353311227661308
2023-06-04 19:00:00+00:00,2023-06-04 20:00:00+00:00,O3,S14,3,28.498383333333333,23.417180380730446
2023-06-04 20:00:00+00:00,2023-06-04 21:00:00+00:00,O3,S14,3,28.473983333333337,23.45157917637924
2023-06-04 21:00:00+00:00,2023-06-04 22:00:00+00:00,O3,S14,3,27.82695,21.135368764568824
2023-06-04 22:00:00+00:00,2023-06-04 23:00:00+00:00,O3,S14,3,25.038816666666666,20.70942715617721
2023-06-04 23:00:00+00:00,2023-06-05 00:00:00+00:00,O3,S14,3,24.66806666666667,18.150229564879616
2023-06-05 00:00:00+00:00,2023-06-05 01:00:00+00:00,O3,S14,3,21.723033333333333,19.319108492618547
2023-06-05 01:00:00+00:00,2023-06-05 02:00:00+00:00,O3,S14,3,23.800116666666668,17.52320169386174
2023-06-05 02:00:00+00:00,2023-06-05 03:00:00+00:00,O3,S14,3,17.121150000000004,15.743115439005486
2023-06-05 03:00:00+00:00,2023-06-05 04:00:00+00:00,O3,S14,3,14.304333333333332,10.924351223776252
2023-06-05 04:00:00+00:00,2023-06-05 05:00:00+00:00,O3,S14,3,13.387583333333334,11.14246602175605
2023-06-05 05:00:00+00:00,2023-06-05 06:00:00+00:00,O3,S14,3,16.0883,13.318299456099492
2023-06-05 06:00:00+00:00,2023-06-05 07:00:00+00:00,O3,S14,3,22.744316666666663,22.203159518259582
2023-06-05 07:00:00+00:00,2023-06-05 08:00:00+00:00,O3,S14,3,31.575766666666667,22.966469191919252
2023-06-05 08:00:00+00:00,2023-06-05 09:00:00+00:00,O3,S14,3,35.9506,31.29381076146085
2023-06-05 09:00:00+00:00,2023-06-05 10:00:00+00:00,O3,S14,3,36.24401666666667,31.298303613053697
2023-06-05 10:00:00+00:00,2023-06-05 11:00:00+00:00,O3,S14,3,39.51076666666667,32.949704040404136
2023-06-05 11:00:00+00:00,2023-06-05 12:00:00+00:00,O3,S14,3,32.199283333333334,32.4032092074593
2023-06-05 12:00:00+00:00,2023-06-05 13:00:00+00:00,O3,S14,3,22.23923333333333,18.422569774669824
2023-06-05 13:00:00+00:00,2023-06-05 14:00:00+00:00,O3,S14,3,23.282950000000003,18.167946386946436
2023-06-05 14:00:00+00:00,2023-06-05 15:00:00+00:00,O3,S14,3,25.459966666666663,20.38936328671334
2023-06-05 15:00:00+00:00,2023-06-05 16:00:00+00:00,O3,S14,3,27.43048333333333,24.320574708624775
2023-06-05 16:00:00+00:00,2023-06-05 17:00:00+00:00,O3,S14,3,29.872416666666663,24.51078395493402
2023-06-05 17:00:00+00:00,2023-06-05 18:00:00+00:00,O3,S14,3,29.02225,23.354004739704806
2023-06-05 18:00:00+00:00,2023-06-05 19:00:00+00:00,O3,S14,3,26.78663333333333,22.284403768453828
2023-06-05 19:00:00+00:00,2023-06-05 20:00:00+00:00,O3,S14,3,23.59385,18.401064063714117
2023-06-05 20:00:00+00:00,2023-06-05 21:00:00+00:00,O3,S14,3,20.227616666666663,15.871027428127473
2023-06-05 21:00:00+00:00,2023-06-05 22:00:00+00:00,O3,S14,3,18.6664,14.93683760683765
2023-06-05 22:00:00+00:00,2023-06-05 23:00:00+00:00,O3,S14,3,17.270666666666667,12.702079048174085
2023-06-05 23:00:00+00:00,2023-06-06 00:00:00+00:00,O3,S14,3,15.983533333333334,11.9692350660451
2023-06-06 00:00:00+00:00,2023-06-06 01:00:00+00:00,O3,S14,3,16.357199999999995,11.9420996658897
2023-06-06 01:00:00+00:00,2023-06-06 02:00:00+00:00,O3,S14,3,17.004016666666665,13.546348131313168
2023-06-06 02:00:00+00:00,2023-06-06 03:00:00+00:00,O3,S14,3,16.489,13.2500008624709
2023-06-06 03:00:00+00:00,2023-06-06 04:00:00+00:00,O3,S14,3,18.610950000000003,13.38848400155404
2023-06-06 04:00:00+00:00,2023-06-06 05:00:00+00:00,O3,S14,3,20.0153,16.578846503496546
2023-06-06 05:00:00+00:00,2023-06-06 06:00:00+00:00,O3,S14,3,23.6989,19.275641919191976
2023-06-06 06:00:00+00:00,2023-06-06 07:00:00+00:00,O3,S14,3,22.398,17.79062630147635
2023-06-06 07:00:00+00:00,2023-06-06 08:00:00+00:00,O3,S14,3,20.116666666666664,15.513854623154666
2023-06-06 08:00:00+00:00,2023-06-06 09:00:00+00:00,O3,S14,3,18.78933333333333,16.684512198912245
2023-06-06 09:00:00+00:00,2023-06-06 10:00:00+00:00,O3,S14,3,20.778416666666665,16.80353873348878
2023-06-06 10:00:00+00:00,2023-06-06 11:00:00+00:00,O3,S14,3,23.578666666666667,19.509038111888167
2023-06-06 11:00:00+00:00,2023-06-06 12:00:00+00:00,O3,S14,3,26.49705,22.655062937063
2023-06-06 12:00:00+00:00,2023-06-06 13:00:00+00:00,O3,S14,3,27.826716666666663,23.856345687645753
2023-06-06 13:00:00+00:00,2023-06-06 14:00:00+00:00,O3,S14,3,29.907516666666663,27.451217948718025
2023-06-06 14:00:00+00:00,2023-06-06 15:00:00+00:00,O3,S14,3,32.28835,29.020265384615463
2023-06-06 15:00:00+00:00,2023-06-06 16:00:00+00:00,O3,S14,3,32.782783333333334,28.007221600621676
2023-06-06 16:00:00+00:00,2023-06-06 17:00:00+00:00,O3,S14,3,35.42541666666667,29.854187801087882
2023-06-06 17:00:00+00:00,2023-06-06 18:00:00+00:00,O3,S14,3,30.911866666666665,26.88394689199697
2023-06-06 18:00:00+00:00,2023-06-06 19:00:00+00:00,O3,S14,3,27.44535,23.31740947940954
2023-06-06 19:00:00+00:00,2023-06-06 20:00:00+00:00,O3,S14,3,20.887616666666663,16.81858399378404
2023-06-06 20:00:00+00:00,2023-06-06 21:00:00+00:00,O3,S14,3,16.974483333333332,13.602634285159326
2023-06-06 21:00:00+00:00,2023-06-06 22:00:00+00:00,O3,S14,3,22.526516666666662,17.06798441336446
2023-06-06 22:00:00+00:00,2023-06-06 23:00:00+00:00,O3,S14,3,18.59553333333333,12.806583787878822
2023-06-06 23:00:00+00:00,2023-06-07 00:00:00+00:00,O3,S14,3,15.477116666666667,9.027715170940198
2023-06-07 00:00:00+00:00,2023-06-07 01:00:00+00:00,O3,S14,3,10.600895,7.948853729603751
2023-06-07 01:00:00+00:00,2023-06-07 02:00:00+00:00,O3,S14,3,10.225056666666664,7.21762261072263
2023-06-07 02:00:00+00:00,2023-06-07 03:00:00+00:00,O3,S14,3,10.195483333333334,8.353614584304607
2023-06-07 03:00:00+00:00,2023-06-07 04:00:00+00:00,O3,S14,3,12.342183333333333,8.808684630924656
2023-06-07 04:00:00+00:00,2023-06-07 05:00:00+00:00,O3,S14,3,13.070183333333333,9.609509118104146
2023-06-07 05:00:00+00:00,2023-06-07 06:00:00+00:00,O3,S14,3,15.336016666666668,12.515257762237797
2023-06-07 06:00:00+00:00,2023-06-07 07:00:00+00:00,O3,S14,3,16.372433333333333,12.549740337995372
2023-06-07 07:00:00+00:00,2023-06-07 08:00:00+00:00,O3,S14,3,20.89515,14.830147808857848
2023-06-07 08:00:00+00:00,2023-06-07 09:00:00+00:00,O3,S14,3,25.3856,22.757321212121276
2023-06-07 09:00:00+00:00,2023-06-07 10:00:00+00:00,O3,S14,3,35.351350000000004,30.721099339549422
2023-06-07 10:00:00+00:00,2023-06-07 11:00:00+00:00,O3,S14,3,44.17679999999999,39.17994145299156
2023-06-07 11:00:00+00:00,2023-06-07 12:00:00+00:00,O3,S14,3,45.73935,42.576927233877356
2023-06-07 12:00:00+00:00,2023-06-07 13:00:00+00:00,O3,S14,3,44.86544999999999,41.587186829836945
2023-06-07 13:00:00+00:00,2023-06-07 14:00:00+00:00,O3,S14,3,44.47301666666667,41.95373706293718
2023-06-07 14:00:00+00:00,2023-06-07 15:00:00+00:00,O3,S14,3,45.16543333333333,41.12560784770796
2023-06-07 15:00:00+00:00,2023-06-07 16:00:00+00:00,O3,S14,3,45.14796666666667,39.96414957264968
2023-06-07 16:00:00+00:00,2023-06-07 17:00:00+00:00,O3,S14,3,44.03035,39.259362587412696
2023-06-07 17:00:00+00:00,2023-06-07 18:00:00+00:00,O3,S14,3,38.76453333333333,33.91827972027981
2023-06-07 18:00:00+00:00,2023-06-07 19:00:00+00:00,O3,S14,3,34.46671666666666,28.236147824397904
2023-06-07 19:00:00+00:00,2023-06-07 20:00:00+00:00,O3,S14,3,27.664266666666663,22.501204941725007
2023-06-07 20:00:00+00:00,2023-06-07 21:00:00+00:00,O3,S14,3,22.986833333333333,19.87993396270402
2023-06-07 21:00:00+00:00,2023-06-07 22:00:00+00:00,O3,S14,3,21.29003333333333,16.938353838383883
2023-06-07 22:00:00+00:00,2023-06-07 23:00:00+00:00,O3,S14,3,18.089,13.02995138694642
2023-06-07 23:00:00+00:00,2023-06-08 00:00:00+00:00,O3,S14,3,15.687816666666665,11.369394463869494
2023-06-08 00:00:00+00:00,2023-06-08 01:00:00+00:00,O3,S14,3,14.056399999999998,11.593887284382316
2023-06-08 01:00:00+00:00,2023-06-08 02:00:00+00:00,O3,S14,3,12.922966666666667,8.880313667443692
2023-06-08 02:00:00+00:00,2023-06-08 03:00:00+00:00,O3,S14,3,10.194211666666666,8.06088848873351
2023-06-08 03:00:00+00:00,2023-06-08 04:00:00+00:00,O3,S14,3,10.983516666666668,8.038362960372982
2023-06-08 04:00:00+00:00,2023-06-08 05:00:00+00:00,O3,S14,3,10.392345,6.956783916083934
2023-06-08 05:00:00+00:00,2023-06-08 06:00:00+00:00,O3,S14,3,12.773983333333334,11.7742741686092
2023-06-08 06:00:00+00:00,2023-06-08 07:00:00+00:00,O3,S14,3,17.778266666666664,12.341809378399411
2023-06-08 07:00:00+00:00,2023-06-08 08:00:00+00:00,O3,S14,3,21.56583333333333,14.988461188811229
2023-06-08 08:00:00+00:00,2023-06-08 09:00:00+00:00,O3,S14,3,27.945450000000005,23.184940520590587
2023-06-08 09:00:00+00:00,2023-06-08 10:00:00+00:00,O3,S14,3,41.03856666666667,31.941842735042826
2023-06-08 10:00:00+00:00,2023-06-08 11:00:00+00:00,O3,S14,3,44.51553333333334,42.07229786324798
2023-06-08 11:00:00+00:00,2023-06-08 12:00:00+00:00,O3,S14,3,44.032916666666665,43.263521367521484
2023-06-08 12:00:00+00:00,2023-06-08 13:00:00+00:00,O3,S14,3,46.67758333333333,43.817653302253426
2023-06-08 13:00:00+00:00,2023-06-08 14:00:00+00:00,O3,S14,3,49.23276666666667,45.017391647241766
2023-06-08 14:00:00+00:00,2023-06-08 15:00:00+00:00,O3,S14,3,48.07753333333334,43.44993943278955
2023-06-08 15:00:00+00:00,2023-06-08 16:00:00+00:00,O3,S14,3,45.29366666666667,40.03165951825963
2023-06-08 16:00:00+00:00,2023-06-08 17:00:00+00:00,O3,S14,3,40.49048333333333,38.689778399378504
2023-06-08 17:00:00+00:00,2023-06-08 18:00:00+00:00,O3,S14,3,39.1191,31.593350621600706
2023-06-08 18:00:00+00:00,2023-06-08 19:00:00+00:00,O3,S14,3,33.51028333333334,28.078047785547867
2023-06-08 19:00:00+00:00,2023-06-08 20:00:00+00:00,O3,S14,3,29.111483333333336,27.286293084693163
2023-06-08 20:00:00+00:00,2023-06-08 21:00:00+00:00,O3,S14,3,31.90188333333333,27.070950621600698
2023-06-08 21:00:00+00:00,2023-06-08 22:00:00+00:00,O3,S14,3,29.352083333333336,25.1696591297592
2023-06-08 22:00:00+00:00,2023-06-08 23:00:00+00:00,O3,S14,3,27.44013333333333,22.696494289044352
2023-06-08 23:00:00+00:00,2023-06-09 00:00:00+00:00,O3,S14,3,25.10985,22.119554467754526
2023-06-09 00:00:00+00:00,2023-06-09 01:00:00+00:00,O3,S14,3,23.241233333333337,18.064075135975187
2023-06-09 01:00:00+00:00,2023-06-09 02:00:00+00:00,O3,S14,3,19.610850000000003,16.85543940947946
2023-06-09 02:00:00+00:00,2023-06-09 03:00:00+00:00,O3,S14,3,16.614283333333333,14.117139382284423
2023-06-09 03:00:00+00:00,2023-06-09 04:00:00+00:00,O3,S14,3,15.443933333333334,11.230869382284412
2023-06-09 04:00:00+00:00,2023-06-09 05:00:00+00:00,O3,S14,3,15.184166666666664,12.641851849261883
2023-06-09 05:00:00+00:00,2023-06-09 06:00:00+00:00,O3,S14,3,16.471233333333334,12.337850023310057
2023-06-09 06:00:00+00:00,2023-06-09 07:00:00+00:00,O3,S14,3,21.93545,19.931154250194307
2023-06-09 07:00:00+00:00,2023-06-09 08:00:00+00:00,O3,S14,3,33.90736666666667,25.60477655788663
2023-06-09 08:00:00+00:00,2023-06-09 09:00:00+00:00,O3,S14,3,36.77505,32.16557299922309
2023-06-09 09:00:00+00:00,2023-06-09 10:00:00+00:00,O3,S14,3,39.73741666666667,34.9958484071485
2023-06-09 10:00:00+00:00,2023-06-09 11:00:00+00:00,O3,S14,3,39.65278333333334,36.84389836829847
2023-06-09 11:00:00+00:00,2023-06-09 12:00:00+00:00,O3,S14,3,42.52928333333333,39.506835625485735
2023-06-09 12:00:00+00:00,2023-06-09 13:00:00+00:00,O3,S14,3,37.17856666666667,35.34379386169396
2023-06-09 13:00:00+00:00,2023-06-09 14:00:00+00:00,O3,S14,3,34.46778333333333,30.418097979798066
2023-06-09 14:00:00+00:00,2023-06-09 15:00:00+00:00,O3,S14,3,35.6681,32.528640365190455
2023-06-09 15:00:00+00:00,2023-06-09 16:00:00+00:00,O3,S14,3,38.0592,32.19726398601408
2023-06-09 16:00:00+00:00,2023-06-09 17:00:00+00:00,O3,S14,3,26.83968333333333,20.154132362082418
2023-06-09 17:00:00+00:00,2023-06-09 18:00:00+00:00,O3,S14,3,22.31168333333333,18.695340971251024
2023-06-09 18:00:00+00:00,2023-06-09 19:00:00+00:00,O3,S14,3,19.3963,16.870502261072307
2023-06-09 19:00:00+00:00,2023-06-09 20:00:00+00:00,O3,S14,3,18.59238333333333,14.542252824397863
2023-06-09 20:00:00+00:00,2023-06-09 21:00:00+00:00,O3,S14,3,16.7183,11.879597509712543
2023-06-09 21:00:00+00:00,2023-06-09 22:00:00+00:00,O3,S14,3,15.439183333333332,11.1707090714841
2023-06-09 22:00:00+00:00,2023-06-09 23:00:00+00:00,O3,S14,3,11.976195,9.298967078477105
2023-06-09 23:00:00+00:00,2023-06-10 00:00:00+00:00,O3,S14,3,11.246086666666663,8.393510641025664
2023-06-10 00:00:00+00:00,2023-06-10 01:00:00+00:00,O3,S14,3,10.413395,7.50959263791766
2023-06-10 01:00:00+00:00,2023-06-10 02:00:00+00:00,O3,S14,3,11.391335,7.2232223387723575
2023-06-10 02:00:00+00:00,2023-06-10 03:00:00+00:00,O3,S14,3,9.631103333333334,7.659922812742834
2023-06-10 03:00:00+00:00,2023-06-10 04:00:00+00:00,O3,S14,3,7.519163333333332,5.7584749145299305
2023-06-10 04:00:00+00:00,2023-06-10 05:00:00+00:00,O3,S14,3,6.703550000000001,4.480175920745934
2023-06-10 05:00:00+00:00,2023-06-10 06:00:00+00:00,O3,S14,3,8.215665,11.340408613053645
2023-06-10 06:00:00+00:00,2023-06-10 07:00:00+00:00,O3,S14,3,26.687733333333338,20.377089494949555
2023-06-10 07:00:00+00:00,2023-06-10 08:00:00+00:00,O3,S14,3,32.096333333333334,27.235916689976765
2023-06-10 08:00:00+00:00,2023-06-10 09:00:00+00:00,O3,S14,3,34.16445,29.198639743589826
2023-06-10 09:00:00+00:00,2023-06-10 10:00:00+00:00,O3,S14,3,32.28281666666667,28.850534887334966
2023-06-10 10:00:00+00:00,2023-06-10 11:00:00+00:00,O3,S14,3,35.39721666666667,29.462374980575063
2023-06-10 11:00:00+00:00,2023-06-10 12:00:00+00:00,O3,S14,3,40.314350000000005,34.03785508935518
2023-06-10 12:00:00+00:00,2023-06-10 13:00:00+00:00,O3,S14,3,37.75516666666667,33.73968348873359
2023-06-10 13:00:00+00:00,2023-06-10 14:00:00+00:00,O3,S14,3,39.2777,33.324395959596046
2023-06-10 14:00:00+00:00,2023-06-10 15:00:00+00:00,O3,S14,3,42.59471666666667,35.36839747474757
2023-06-10 15:00:00+00:00,2023-06-10 16:00:00+00:00,O3,S14,3,43.423300000000005,39.07428177933189
2023-06-10 16:00:00+00:00,2023-06-10 17:00:00+00:00,O3,S14,3,49.52941666666667,43.9675223776225
2023-06-10 17:00:00+00:00,2023-06-10 18:00:00+00:00,O3,S14,3,49.60848333333333,43.94258181818194
2023-06-10 18:00:00+00:00,2023-06-10 19:00:00+00:00,O3,S14,3,46.46188333333333,38.592207148407255
2023-06-10 19:00:00+00:00,2023-06-10 20:00:00+00:00,O3,S14,3,38.97505,37.125661344211444
2023-06-10 20:00:00+00:00,2023-06-10 21:00:00+00:00,O3,S14,3,32.99206666666666,27.52307517482525
2023-06-10 21:00:00+00:00,2023-06-10 22:00:00+00:00,O3,S14,3,26.1762,19.9897195415696
2023-06-10 22:00:00+00:00,2023-06-10 23:00:00+00:00,O3,S14,3,22.44043333333333,18.84149865578871
2023-06-10 23:00:00+00:00,2023-06-11 00:00:00+00:00,O3,S14,3,19.48476666666667,14.779192424242467
2023-06-11 00:00:00+00:00,2023-06-11 01:00:00+00:00,O3,S14,3,15.626283333333332,11.673639685314717
2023-06-11 01:00:00+00:00,2023-06-11 02:00:00+00:00,O3,S14,3,12.330083333333334,8.924316588966615
2023-06-11 02:00:00+00:00,2023-06-11 03:00:00+00:00,O3,S14,3,10.053306666666666,6.302321825951844
2023-06-11 03:00:00+00:00,2023-06-11 04:00:00+00:00,O3,S14,3,8.60571,6.414484312354331
2023-06-11 04:00:00+00:00,2023-06-11 05:00:00+00:00,O3,S14,3,10.950816666666668,6.891568547008566
2023-06-11 05:00:00+00:00,2023-06-11 06:00:00+00:00,O3,S14,3,19.68841666666667,13.955022385392422
2023-06-11 06:00:00+00:00,2023-06-11 07:00:00+00:00,O3,S14,3,36.014100000000006,32.100906969697064
2023-06-11 07:00:00+00:00,2023-06-11 08:00:00+00:00,O3,S14,3,40.13485,34.78592829059839
2023-06-11 08:00:00+00:00,2023-06-11 09:00:00+00:00,O3,S14,3,39.48446666666667,34.037322610722704
2023-06-11 09:00:00+00:00,2023-06-11 10:00:00+00:00,O3,S14,3,42.35916666666667,36.84161818181828
2023-06-11 10:00:00+00:00,2023-06-11 11:00:00+00:00,O3,S14,3,42.95563333333333,37.42461029526041
2023-06-11 11:00:00+00:00,2023-06-11 12:00:00+00:00,O3,S14,3,43.713883333333335,39.99168080808092
2023-06-11 12:00:00+00:00,2023-06-11 13:00:00+00:00,O3,S14,3,44.69505,39.5259766899768
2023-06-11 13:00:00+00:00,2023-06-11 14:00:00+00:00,O3,S14,3,45.47991666666667,40.16009576534587
2023-06-11 14:00:00+00:00,2023-06-11 15:00:00+00:00,O3,S14,3,46.03923333333333,42.18060765345777
2023-06-11 15:00:00+00:00,2023-06-11 16:00:00+00:00,O3,S14,3,44.791783333333335,39.07079265734277
2023-06-11 16:00:00+00:00,2023-06-11 17:00:00+00:00,O3,S14,3,44.9769,42.47834215229228
2023-06-11 17:00:00+00:00,2023-06-11 18:00:00+00:00,O3,S14,3,44.5519,41.55291903651916
2023-06-11 18:00:00+00:00,2023-06-11 19:00:00+00:00,O3,S14,3,41.59173333333333,37.09883935508945
2023-06-11 19:00:00+00:00,2023-06-11 20:00:00+00:00,O3,S14,3,37.38145,32.96135396270406
2023-06-11 20:00:00+00:00,2023-06-11 21:00:00+00:00,O3,S14,3,34.735366666666664,32.69097641802651
2023-06-11 21:00:00+00:00,2023-06-11 22:00:00+00:00,O3,S14,3,32.909533333333336,27.60592676767685
2023-06-11 22:00:00+00:00,2023-06-11 23:00:00+00:00,O3,S14,3,31.040333333333336,26.959620745920823
2023-06-11 23:00:00+00:00,2023-06-12 00:00:00+00:00,O3,S14,3,33.18343333333333,26.09824343434351
2023-06-12 00:00:00+00:00,2023-06-12 01:00:00+00:00,O3,S14,3,27.17605,25.238776456876526
2023-06-12 01:00:00+00:00,2023-06-12 02:00:00+00:00,O3,S14,3,24.277483333333333,20.469573426573483
2023-06-12 02:00:00+00:00,2023-06-12 03:00:00+00:00,O3,S14,3,20.474316666666667,17.858664444444496
2023-06-12 03:00:00+00:00,2023-06-12 04:00:00+00:00,O3,S14,3,16.5986,12.744004537684573
2023-06-12 04:00:00+00:00,2023-06-12 05:00:00+00:00,O3,S14,3,13.93,11.898083209013244
2023-06-12 05:00:00+00:00,2023-06-12 06:00:00+00:00,O3,S14,3,27.0041,17.08647491064496
2023-06-12 06:00:00+00:00,2023-06-12 07:00:00+00:00,O3,S14,3,30.75358333333333,24.993093667443738
2023-06-12 07:00:00+00:00,2023-06-12 08:00:00+00:00,O3,S14,3,32.25926666666667,28.286382362082442
2023-06-12 08:00:00+00:00,2023-06-12 09:00:00+00:00,O3,S14,3,36.15276666666667,32.11566989121998
2023-06-12 09:00:00+00:00,2023-06-12 10:00:00+00:00,O3,S14,3,41.6531,36.058270823620916
2023-06-12 10:00:00+00:00,2023-06-12 11:00:00+00:00,O3,S14,3,41.1693,37.862888850038956
2023-06-12 11:00:00+00:00,2023-06-12 12:00:00+00:00,O3,S14,3,40.62368333333333,36.03118076923087
2023-06-12 12:00:00+00:00,2023-06-12 13:00:00+00:00,O3,S14,3,41.40681666666666,35.631301359751454
2023-06-12 13:00:00+00:00,2023-06-12 14:00:00+00:00,O3,S14,3,40.86558333333333,35.65906569541579
2023-06-12 14:00:00+00:00,2023-06-12 15:00:00+00:00,O3,S14,3,41.82825,38.18129211344222
2023-06-12 15:00:00+00:00,2023-06-12 16:00:00+00:00,O3,S14,3,42.9815,38.48451538461549
2023-06-12 16:00:00+00:00,2023-06-12 17:00:00+00:00,O3,S14,3,43.03418333333334,36.92300034965045
2023-06-12 17:00:00+00:00,2023-06-12 18:00:00+00:00,O3,S14,3,42.36855,37.06452342657352
2023-06-12 18:00:00+00:00,2023-06-12 19:00:00+00:00,O3,S14,3,39.85916666666666,35.464283216783315
2023-06-12 19:00:00+00:00,2023-06-12 20:00:00+00:00,O3,S14,3,32.3356,25.57934805749813
2023-06-12 20:00:00+00:00,2023-06-12 21:00:00+00:00,O3,S14,3,27.97035,22.209013364413426
2023-06-12 21:00:00+00:00,2023-06-12 22:00:00+00:00,O3,S14,3,22.918566666666663,19.882036208236265
2023-06-12 22:00:00+00:00,2023-06-12 23:00:00+00:00,O3,S14,3,26.823616666666663,20.133257459207513
2023-06-12 23:00:00+00:00,2023-06-13 00:00:00+00:00,O3,S14,3,21.92023333333333,19.301532944832996
2023-06-13 00:00:00+00:00,2023-06-13 01:00:00+00:00,O3,S14,3,21.183366666666668,17.152418648018696
2023-06-13 01:00:00+00:00,2023-06-13 02:00:00+00:00,O3,S14,3,18.18675,15.058445182595223
2023-06-13 02:00:00+00:00,2023-06-13 03:00:00+00:00,O3,S14,3,16.580266666666667,11.852891414141446
2023-06-13 03:00:00+00:00,2023-06-13 04:00:00+00:00,O3,S14,3,15.01,10.235418873348902
2023-06-13 04:00:00+00:00,2023-06-13 05:00:00+00:00,O3,S14,3,14.2739,11.802497420357454
2023-06-13 05:00:00+00:00,2023-06-13 06:00:00+00:00,O3,S14,3,17.25675,11.849453131313163
2023-06-13 06:00:00+00:00,2023-06-13 07:00:00+00:00,O3,S14,3,23.44013333333333,18.40865245920751
2023-06-13 07:00:00+00:00,2023-06-13 08:00:00+00:00,O3,S14,3,37.548966666666665,36.38991196581206
2023-06-13 08:00:00+00:00,2023-06-13 09:00:00+00:00,O3,S14,3,42.32463333333333,36.40835726495737
2023-06-13 09:00:00+00:00,2023-06-13 10:00:00+00:00,O3,S14,3,45.32705000000001,42.93612645687658
2023-06-13 10:00:00+00:00,2023-06-13 11:00:00+00:00,O3,S14,3,46.61366666666667,44.085572921523045
2023-06-13 11:00:00+00:00,2023-06-13 12:00:00+00:00,O3,S14,3,45.4778,40.16099331779343
2023-06-13 12:00:00+00:00,2023-06-13 13:00:00+00:00,O3,S14,3,46.54683333333333,41.730460256410375
2023-06-13 13:00:00+00:00,2023-06-13 14:00:00+00:00,O3,S14,3,40.92436666666667,33.49664883449893
2023-06-13 14:00:00+00:00,2023-06-13 15:00:00+00:00,O3,S14,3,34.17391666666666,29.651099728049807
2023-06-13 15:00:00+00:00,2023-06-13 16:00:00+00:00,O3,S14,3,34.535583333333335,29.737514296814375
2023-06-13 16:00:00+00:00,2023-06-13 17:00:00+00:00,O3,S14,3,31.264016666666663,28.711910489510565
2023-06-13 17:00:00+00:00,2023-06-13 18:00:00+00:00,O3,S14,3,30.43595,27.231889743589818
2023-06-13 18:00:00+00:00,2023-06-13 19:00:00+00:00,O3,S14,3,27.389416666666666,22.36418954933961
2023-06-13 19:00:00+00:00,2023-06-13 20:00:00+00:00,O3,S14,3,29.4486,23.873336247086314
2023-06-13 20:00:00+00:00,2023-06-13 21:00:00+00:00,O3,S14,3,28.76875,23.745424009324076
2023-06-13 21:00:00+00:00,2023-06-13 22:00:00+00:00,O3,S14,3,25.59713333333333,21.86119312354318
2023-06-13 22:00:00+00:00,2023-06-13 23:00:00+00:00,O3,S14,3,25.540666666666667,20.008606371406426
2023-06-13 23:00:00+00:00,2023-06-14 00:00:00+00:00,O3,S14,3,23.83056666666667,19.103542424242477
2023-06-14 00:00:00+00:00,2023-06-14 01:00:00+00:00,O3,S14,3,23.84045,17.452639976690023
2023-06-14 01:00:00+00:00,2023-06-14 02:00:00+00:00,O3,S14,3,21.05913333333333,18.16492533022538
2023-06-14 02:00:00+00:00,2023-06-14 03:00:00+00:00,O3,S14,3,22.609366666666663,17.134500116550164
2023-06-14 03:00:00+00:00,2023-06-14 04:00:00+00:00,O3,S14,3,19.874333333333336,14.991303613053653
2023-06-14 04:00:00+00:00,2023-06-14 05:00:00+00:00,O3,S14,3,19.687966666666668,14.817783352758394
2023-06-14 05:00:00+00:00,2023-06-14 06:00:00+00:00,O3,S14,3,20.2732,17.051258197358244
2023-06-14 06:00:00+00:00,2023-06-14 07:00:00+00:00,O3,S14,3,20.725466666666662,17.301642307692354
2023-06-14 07:00:00+00:00,2023-06-14 08:00:00+00:00,O3,S14,3,23.635583333333333,20.793732144522146
2023-06-14 08:00:00+00:00,2023-06-14 09:00:00+00:00,O3,S14,3,29.46838333333333,25.421248974358967
